codigo,nome_descritivo,descritivo,unidade_compra,modificado_em,modificado_por
4150488,,,,,
4150493,,,,,
4150479,ABRIDOR DE BOCA TIPO ABRITEC INFANTIL,"Composição: 100% silicone. Possui bordas arredondadas. Dimensões: 30 x 25 x 18 mm.
 Indicação: auxiliar na abertura de boca do paciente, proporcionado maior conforto e facilitando o desempenho dos procedimentos odontológicos pelo profissional.
 Autoclavável.
 Apresentação: embalagem plástica com 2 unidades, com dados de identificação, lote, procedência, garantia, certificações (fabricado de acordo com padrões internacionais de qualidade, normas da ABNT) e registro na ANVISA.",Kit com 2 unidades,11/09/2026,Caio César Borges de Oliveira
4150483,ÁCIDO FOSFÓRICO 37%,"Composição: gel de base aquosa contendo ácido fosfórico a 37%. 
 Indicação: realização de condicionamento ácido total (dentina e esmalte) ou parcial (esmalte), proporcionando maior e melhor retenção de materiais resinosos.
 Apresentação: embalagem plástica lacrada contendo 3 seringas de 2,5 ml cada, com gel acondicionado, e 3 ponteiras. Contendo dados de identificação, lote, procedência, garantia, certificações (fabricado de acordo com padrões internacionais de qualidade, normas da ABNT) e registro na ANVISA.",Kit com 3 seringas,11/09/2026,Caio César Borges de Oliveira
4150485,ADESIVO DENTAL FOTOPOLIMERIZÁVEL,"Caracetrísticas: Adesivo dentário universal monocomponente fotopolimerizável, formulado com monômero funcional MDP (10-metacriloxidecil dihidrogeno fosfato) e silano incorporado. Apresenta compatibilidade com diversos substratos dentais, incluindo esmalte, dentina, cerâmicas e metais, garantindo adesão confiável em diferentes superfícies. Indicado para utilização nas técnicas autocondicionante, de condicionamento ácido seletivo ou de condicionamento total, conferindo versatilidade clínica e união de alto desempenho sem necessidade de primers adicionais. Apresentação: embalagem plástica com tampa flip-flop, contendo 5 ml do produto. Com dados de identificação, lote, procedência, garantia, certificações (fabricado de acordo com padrões internacionais de qualidade, normas da ABNT) e registro na ANVISA.",Frasco,11/09/2026,Caio César Borges de Oliveira
4150498,ÁGUA OXIGENADA 10 VOLUMES,"Composição: peróxido de hidrogênio 3%, água purificada, fenacetina, ácido fosfórico.
 Indicação: bochecho, como auxiliar na profilaxia bucal.
 Apresentação: embalagem plástica contendo 1 litro do produto, rótulo com dados de identificação, lote, procedência, garantia, certificações (fabricado de acordo com padrões internacionais de qualidade, normas da ABNT) e registro na ANVISA.",Embalagem,11/09/2026,Caio César Borges de Oliveira
4150500,AGULHA GENGIVAL CURTA,"Características: agulha descartável siliconizada tamanho 30 G, bisel trifacetado, parte ativa com 21 mm, estéril, proteção individual com lacre de segurança. Fabricada de acordo com a Norma ISO 13485, com rosca interna universal de segurança para uso em todas as marcas de seringa carpule. Cânula firmemente ligada ao canhão, proporcionando uma fixação segura, sem vazamentos. Tubo da agulha em aço inoxidável de uso para a fabricação de dispositivos médicos conforme definido nas normas aplicáveis. 
 Indicação: anestesias infiltrativas em Odontologia.
 Apresentação: embalagem contendo 100 unidades, com dados de identificação, validade, lote, procedência e rastreabilidade, responsável técnico, garantia, certificações (fabricado de acordo com padrões internacionais de qualidade, normas da ABNT) e registro na ANVISA.",Caixa com 100 unidades,11/09/2026,Caio César Borges de Oliveira
4150502,AGULHA GENGIVAL EXTRA CURTA,"Características: agulha descartável siliconizada tamanho 30 G, parte ativa com 15 mm, indicada em Odontopediatria, bisel trifacetado, Estéril, proteção individual com lacre de segurança. Fabricada de acordo com a Norma ISO 13485, com rosca interna universal de segurança para uso em todas as marcas de seringa carpule. Cânula firmemente ligada ao canhão, proporcionando uma fixação segura, sem vazamentos. Tubo da agulha em aço inoxidável de uso para a fabricação de dispositivos médicos conforme definido nas normas aplicáveis. 
 Indicação: anestesias infiltrativas em Odontologia.
 Apresentação: embalagem contendo 100 unidades, com dados de identificação, validade, lote, procedência e rastreabilidade, responsável técnico, garantia, certificações (fabricado de acordo com padrões internacionais de qualidade, normas da ABNT) e registro na ANVISA.",Caixa com 100 unidades,11/09/2026,Caio César Borges de Oliveira
4150747,,,,,
4150748,,,,,
4150477,ALAVANCA INFANTIL (KIT),"Alavanca infantil modelo Heidbrink com cabo oco, jogo com 3 peças, direita, esquerda e reta. Em aço inoxidável AISI 420. Comprimento: 15 cm. Autoclavável. Instrumentos indicados para a remoção de pontas de raiz em áreas de difícil acesso. Apresentação: embalagem plástica, com informações do modelo, constando os dados de identificação, procedência, validade, garantia, nº do lote de fabricação gravado no corpo da peça, o que permite a rastreabilidade, certificações (fabricado de acordo com padrões internacionais de qualidade, normas da ABNT) e registro na ANVISA.",Kit,11/09/2026,Caio César Borges de Oliveira
4150478,ALAVANCAS SELDIN (KIT),"Kit de alavancas Seldin para uso odontológico, contendo 3 peças, modelos nº 1R, nº 1L e nº 2, com ponta ativa reta. Fabricadas em aço inoxidável cirúrgico, com acabamento polido, cabo oco, anatômico e antiderrapante, proporcionando maior conforto e firmeza durante o manuseio. Instrumentos resistentes à corrosão, passíveis de esterilização em autoclave. Indicadas para luxação dentária, sindesmotomia, expansão do alvéolo e auxílio em procedimentos cirúrgicos e exodontias. Apresentação: embalagem contendo 3 unidades sortidas (1R, 1L e 2), com informações do modelo, dados de identificação, procedência, lote de fabricação gravado no corpo da peça para rastreabilidade, garantia, certificações (fabricado de acordo com padrões internacionais de qualidade e normas da ABNT) e registro na ANVISA.",Kit,11/09/2026,Caio César Borges de Oliveira
4150782,,,,,
4150783,,,,,
4150784,,,,,
4150781,,,,,
4150785,,,,,
4150786,,,,,
4150787,,,,,
4150749,ALGINATO HIDROCOLÓIDE,"Características: alginato hidrocolóide irreversível do tipo II para moldagem. Presa normal. Elástico, livre de poeira, tixotrópico, com 5 (cinco) dias de estabilidade dimensional após a presa. Aromatizado artificialmente.
 Indicação: confecção de modelos diagnósticos. 
 Apresentação: embalagem contendo 453 g do produto, com dados de identificação, validade, lote, procedência e rastreabilidade, responsável técnico, garantia, certificações (fabricado de acordo com padrões internacionais de qualidade, normas da ABNT) e registro na ANVISA.",Pacote,11/09/2026,Caio César Borges de Oliveira
4150480,ALVEOLÓTOMO RETO Nº 1,"Alveolótomo reto número 1. Em aço inoxidável AISI 420. Comprimento: 16 cm. Autoclavável. Este instrumento é utilizado em procedimentos cirúrgicos odontológicos, para aparar tecidos fibrosos ou pequenas espículas ósseas. Apresentação: embalagem plástica individual, com informações de modelo, constando os dados de identificação, procedência, validade, garantia, nº do lote de fabricação gravado no corpo da peça, o que permite a rastreabilidade, certificações (fabricado de acordo com padrões internacionais de qualidade, normas da ABNT) e registro na ANVISA.",Unidade,11/09/2026,Caio César Borges de Oliveira
4150513,ANESTÉSICO INJETÁVEL MEPIVACAÍNA A 2% COM ADRENALINA 1:100.000,"Composição: hidrocloridrato de mepivacaína a 2% com vasoconstritor adrenalina.
 Indicação: em procedimentos odontológicos de média duração.
 Apresentação: embalagem contendo 50 tubetes de vidro com 1,8 ml embalados em blisters, com dados de identificação, lote, procedência, validade, certificações (fabricado de acordo com padrões internacionais de qualidade, normas da ABNT) e registro na ANVISA.",Caixa com 50 unidades,11/09/2026,Caio César Borges de Oliveira
4150508,ANESTÉSICO INJETÁVEL ARTICAÍNA A 4% COM ADRENALINA,"Composição: cada ml de solução contém cloridrato de articaína 40 mg; epinefrina base 5,0 microgramas; excipientes q.s.p. 1 ml (metabissulfito de sódio, cloreto de sódio e água para injeção).
 Indicação: em procedimentos odontológicos de média duração. Uso adulto e pediátrico acima de 4 anos de idade.
 Apresentação: embalagem primária: tubetes de vidro contendo 1,8 ml de solução anestésica. Embalagem secundária: blisters lacrados. Embalagem terciária: caixa de papel contendo 50 unidades de tubetes embalados de 10 em 10, com dados de identificação, lote, procedência, validade, certificações (fabricado de acordo com padrões internacionais de qualidade, normas da ABNT) e registro na ANVISA.",Caixa com 50 unidades,11/09/2026,Caio César Borges de Oliveira
4150511,ANESTÉSICO INJETÁVEL LIDOCAÍNA A 2% COM ADRENALINA 1:100.000,"Composição: cloridrato de lidocaína a 2% com vasoconstritor adrenalina.
 Indicação: em procedimentos odontológicos de média duração.
 Apresentação: embalagem contendo 50 unidades de tubetes de vidro com 1,8 ml, com dados de identificação, lote, procedência, validade, certificações (fabricado de acordo com padrões internacionais de qualidade, normas da ABNT) e registro na ANVISA.",Caixa com 50 unidades,11/09/2026,Caio César Borges de Oliveira
4150788,AQUECEDOR DE ÁGUA,"Aquecedor de água tipo ""rabo-quente"". Ebulidor elétrico 220 V, fabricado em plástico. Potência: 680 W, frequência: 60 Hertz, comprimento aproximado do cabo: 60 cm, cabo paralelo: 2 x 75 mm Apresentação: embalagem plástica com 1 unidade, com informações do modelo, constando os dados de identificação, procedência, validade, garantia, nº do lote de fabricação gravados no corpo da peça, o que permite a rastreabilidade, certificações (fabricado de acordo com padrões internacionais de qualidade, normas da ABNT) e registro na ANVISA.",Unidade,11/09/2026,Caio César Borges de Oliveira
4150789,ARCO DE OSTBY,"Arco de Ostby produzido em material plástico autoclavável. Utilizado como auxiliar na técnica de isolamento absoluto, realiza a fixação do lençol de borracha no dente a ser restaurado e garante maior segurança ao paciente durante a realização de todo o procedimento. Apresentação: embalagem plástica com 1 unidade, com informações do modelo, constando os dados de identificação, procedência, validade, garantia, nº do lote de fabricação gravados no corpo da peça, o que permite a rastreabilidade, certificações (fabricado de acordo com padrões internacionais de qualidade, normas da ABNT) e registro na ANVISA.",Unidade,11/09/2026,Caio César Borges de Oliveira
4150790,ARTICULADOR CHARNEIRA,"Articulador charneira. Fabricado em liga de latão. Indicado para a articulação de modelos para prótese dentária, fixar modelos, registrar relações maxilo-mandibulares e movimentos mandibulares. Apresentação: embalagem plástica com 1 unidade, com informações do modelo, constando os dados de identificação, procedência, garantia, nº do lote de fabricação gravado no corpo da peça, o que permite a rastreabilidade, certificações (fabricado de acordo com padrões internacionais de qualidade, normas da ABNT)",Unidade,11/09/2026,Caio César Borges de Oliveira
4150792,,,,,
4150128,,,,,
4150129,,,,,
4150481,BANDEJA DE INOX,"Bandeja em aço inoxidável AISI 304, retangular, com medidas de 22 cm x 12 cm x 1,5 cm. Espessura de 0,05 mm Autoclavável. Utilizada para a acomodação, organização, esterilização e o transporte de instrumentos durante a realização de procedimentos. Apresentação: embalagem com 1 unidade, com informações de modelo, procedência, dados de identificação, garantia, validade, nº do lote de fabricação gravado no corpo da peça, o que permite a rastreabilidade, certificações (fabricado de acordo com padrões internacionais de qualidade, normas da ABNT e registro na ANVISA.",Unidade,11/09/2026,Caio César Borges de Oliveira
4150793,,,,,
4150528,BARREIRA DE RESINA FOTOPOLIMERIZÁVEL,"Composição: HEMA, monômeros de uretano di-metacrilato, carga inerte, pigmentos e fotoiniciadores.
 Indicação: proteger o tecido gengival durante os procedimentos odontológicos.
 Apresentação: embalagem contendo 1 seringa com 1,2 ml do produto e 3 ponteiras, com dados de identificação, lote, procedência e rastreabilidade, responsável técnico, garantia, certificações (fabricado de acordo com padrões internacionais de qualidade, normas da ABNT) e registro na ANVISA.",Unidade,11/09/2026,Caio César Borges de Oliveira
4150524,,,,,
4150530,BICARBONATO DE SÓDIO PÓ,"Características: produto composto por bicarbonato de sódio puro, anidro silício e essência (menta). Possui ação mecânica através do spray formado pela associação pó, água e ar. Utilizado em aparelhos de ultrassom. 
 Indicação: profilaxia dental.
 Apresentação: embalagem plástica contendo 100 g do produto, com dados de identificação, lote, procedência e rastreabilidade, responsável técnico, garantia, certificações (fabricado de acordo com padrões internacionais de qualidade, normas da ABNT) e registro na ANVISA.",Frasco,11/09/2026,Caio César Borges de Oliveira
4150482,BICHO DE PELÚCIA COM MACRO ARCADA,"Bicho de pelúcia com macro arcada. Fantoche demonstrativo da técnica de higiene bucal. Modelos: cachorro marrom (5 unidades), leão (5 unidades) e tigre (5 unidades). Medidas: 41cm de altura, 38cm de largura e 43 cm de comprimento. Possui uma arcada superior e uma arcada inferior, articuladas, com um total de 28 dentes e 4 espaços para demonstração do uso de fio dental.",Unidade,11/09/2026,Caio César Borges de Oliveira
4150750,BORRACHA ABRASIVA FINA PARA PEÇA DE MÃO,"Características: polidor tipo borracha abrasiva granulação fina para acabamento e polimento para resina acrílica compatível com peça de mão. Composto por silicone e óxido de alumínio. Formato de ogiva. Autoclavável.
 Indicação: acabamento e polimento de resina acrílica.
 Apresentação: blister contendo 1 unidade, com dados de identificação, lote, procedência e rastreabilidade, responsável técnico, garantia, certificações (fabricado de acordo com padrões internacionais de qualidade, normas da ABNT) e registro na ANVISA.",Unidade,11/09/2026,Caio César Borges de Oliveira
4150751,BORRACHA ABRASIVA GROSSA PARA PEÇA DE MÃO,"Características: polidor tipo borracha abrasiva granulação grossa para acabamento e polimento de resina acrílica compatível com peça de mão. Composto por silicone e óxido de alumínio. Formato de ogiva. Autoclavável.
 Indicação: acabamento de resina acrílica.
 Apresentação: blister contendo 1 unidade, com dados de identificação, lote, procedência e rastreabilidade, responsável técnico, garantia, certificações (fabricado de acordo com padrões internacionais de qualidade, normas da ABNT) e registro na ANVISA.",Unidade,11/09/2026,Caio César Borges de Oliveira
4150752,BORRACHA ABRASIVA MÉDIA PARA PEÇA DE MÃO,"Características: polidor tipo borracha abrasiva granulação média para acabamento e polimento de resina acrílica compatível com peça de mão. Composto por silicone e óxido de alumínio. Formato de ogiva. Autoclavável.
 Indicação: alisamento da superfície da resina acrílica, preparando para o polimento de alto brilho.
 Apresentação: blister contendo 1 unidade, com dados de identificação, lote, procedência e rastreabilidade, responsável técnico, garantia, certificações (fabricado de acordo com padrões internacionais de qualidade, normas da ABNT) e registro na ANVISA.",Unidade,11/09/2026,Caio César Borges de Oliveira
4150484,BORRIFADOR PLÁSTICO,"Características: borrifador confeccionado em material plástico rígido, translúcido, com capacidade mínima de 250 mL, dotado de válvula pulverizadora e gatilho acionador. Deve possuir bico com regulagem do tipo de jato (névoa e/ou direcionado) e sistema de sucção que permita o aproveitamento do conteúdo do frasco.
Indicação: indicado para acondicionamento e pulverização de soluções líquidas.
Apresentação: embalagem contendo 1 unidade, com dados de identificação, lote, procedência e rastreabilidade, responsável técnico, garantia, certificações (fabricado de acordo com padrões internacionais de qualidade, normas da ABNT) e registro na ANVISA.",Unidade,11/09/2026,Caio César Borges de Oliveira
4150753,BRANCO ESPANHA PÓ,"Características: pó abrasivo finamente dividido, composto por carbonato de magnésio e cálcio.
 Indicação: acabamento e polimento em próteses e resinas acrílicas.
 Apresentação: embalagem plástica contendo 1 Kg do produto, com dados de identificação, lote, procedência e rastreabilidade, responsável técnico, garantia, certificações (fabricado de acordo com padrões internacionais de qualidade, normas da ABNT) e registro na ANVISA.",Pacote,11/09/2026,Caio César Borges de Oliveira
4150754,,,,,
4150561,,,,,
4150563,BROCA AR CARBIDE ESFÉRICA Nº 08 HL,"Características: broca esférica haste longa, produzida em carboneto de tungstênio e aço inoxidável. Autoclavável.
 Indicação: remoção de dentina infectada e acesso endodôntico.
 Apresentação: blister contendo 1 unidade, com dados de identificação, lote, procedência e rastreabilidade, responsável técnico, garantia, certificações (fabricado de acordo com padrões internacionais de qualidade, normas da ABNT) e registro na ANVISA.",Unidade,11/09/2026,Caio César Borges de Oliveira
4150548,,,,,
4150553,BROCA AR CARBIDE ESFÉRICA Nº 02,"Características: broca esférica produzida em carboneto de tungstênio e aço inoxidável. Autoclavável.
 Indicação: preparo de cavidades, acabamento das margens de cavidades e de restaurações, remoção de restaurações antigas.
 Apresentação: blister contendo 1 unidade, com dados de identificação, lote, procedência e rastreabilidade, responsável técnico, garantia, certificações (fabricado de acordo com padrões internacionais de qualidade, normas da ABNT) e registro na ANVISA.",Unidade,11/09/2026,Caio César Borges de Oliveira
4150556,BROCA AR CARBIDE ESFÉRICA Nº 04,"Características: broca esférica produzida em carboneto de tungstênio e aço inoxidável. Autoclavável.
 Indicação: remoção de dentina infectada, preparo da extensão das paredes da cavidade e acesso endodôntico. 
 Apresentação: blister contendo 1 unidade, com dados de identificação, lote, procedência e rastreabilidade, responsável técnico, garantia, certificações (fabricado de acordo com padrões internacionais de qualidade, normas da ABNT) e registro na ANVISA.",Unidade,11/09/2026,Caio César Borges de Oliveira
4150559,,,,,
4150560,BROCA AR CARBIDE ESFÉRICA Nº 06,"Características: broca esférica produzida em carboneto de tungstênio e aço inoxidável. Autoclavável.
 Indicação: remoção de tecido cariado e corte em profundidade nos preparos cavitários.
 Apresentação: blister contendo 1 unidade, com dados de identificação, lote, procedência e rastreabilidade, responsável técnico, garantia, certificações (fabricado de acordo com padrões internacionais de qualidade, normas da ABNT) e registro na ANVISA.",Unidade,11/09/2026,Caio César Borges de Oliveira
4150562,BROCA AR CARBIDE ESFÉRICA Nº 08,"Características: broca esférica produzida em carboneto de tungstênio e aço inoxidável. Autoclavável.
 Indicação: preparos cavitários e remoção de tecidos cariados.
 Apresentação: blister contendo 1 unidade, com dados de identificação, lote, procedência e rastreabilidade, responsável técnico, garantia, certificações (fabricado de acordo com padrões internacionais de qualidade, normas da ABNT) e registro na ANVISA.",Unidade,11/09/2026,Caio César Borges de Oliveira
4150564,,,,,
4150566,,,,,
4150567,,,,,
4150569,BROCA AR ZEKRYA 23 MM,"Características: broca carbide cirúrgica cônica de ponta segura, produzida em carboneto de tungstênio e aço inoxidável. Autoclavável.
 Indicação: odontosecção, cirurgias de terceiros molares, hemisecção radicular e acesso aos canais radiculares.
 Apresentação: blister contendo 1 unidade, com dados de identificação, lote, procedência e rastreabilidade, responsável técnico, garantia, certificações (fabricado de acordo com padrões internacionais de qualidade, normas da ABNT) e registro na ANVISA.",Unidade,11/09/2026,Caio César Borges de Oliveira
4150577,BROCA AR ZEKRYA 28 MM,"Características: broca carbide cirúrgica cônica de ponta segura, produzida em carboneto de tungstênio e aço inoxidável. Autoclavável.
 Indicação: odontosecção, cirurgias de terceiros molares, hemissecção radicular e acesso aos canais radiculares.
 Apresentação: blister contendo 1 unidade, com dados de identificação, lote, procedência e rastreabilidade, responsável técnico, garantia, certificações (fabricado de acordo com padrões internacionais de qualidade, normas da ABNT) e registro na ANVISA.",Unidade,11/09/2026,Caio César Borges de Oliveira
4150595,,,,,
4151127,BROCA AR DIAMANTADA ESFÉRICA Nº 1011,"Características: Broca AR diamantada esférica nº 1011. Parte ativa esférica diamantada e haste em aço inoxidável, resistente a vários ciclos de esterilização em autoclave.
 Indicação: acesso inicial em lesões cariosas e abertura ou retenções em Dentística. 
 Apresentação: blister contendo 1 unidade, com dados de identificação, lote, procedência e rastreabilidade, responsável técnico, garantia, certificações (fabricado de acordo com padrões internacionais de qualidade, normas da ABNT) e registro na ANVISA.",Unidade,11/09/2026,Caio César Borges de Oliveira
4151128,,,,,
4151129,,,,,
4151130,,,,,
4151131,,,,,
4150609,BROCA AR DIAMANTADA Nº 3195 FF,"Características: parte ativa diamantada cônica com topo chama. Haste em aço inoxidável. Granulometria extra fina. Autoclavável.
 Indicação: desgastes finos em restaurações de resina composta. 
 Apresentação: blister contendo 1 unidade, com dados de identificação, lote, procedência e rastreabilidade, responsável técnico, garantia, certificações (fabricado de acordo com padrões internacionais de qualidade, normas da ABNT) e registro na ANVISA.",Unidade,11/09/2026,Caio César Borges de Oliveira
4150605,,,,,
4150580,BROCA AR DIAMANTADA ESFÉRICA Nº 1012,"Características: Broca AR diamantada esférica nº 1012. Parte ativa esférica diamantada e haste em aço inoxidável, resistente a vários ciclos de esterilização em autoclave.
 Indicação: acesso inicial em lesões cariosas e abertura ou retenções em Dentística. 
 Apresentação: blister contendo 1 unidade, com dados de identificação, lote, procedência e rastreabilidade, responsável técnico, garantia, certificações (fabricado de acordo com padrões internacionais de qualidade, normas da ABNT) e registro na ANVISA.",Unidade,11/09/2026,Caio César Borges de Oliveira
4151146,,,,,
4150583,BROCA AR DIAMANTADA ESFÉRICA Nº 1014,"Características: Broca AR diamantada esférica nº 1014. Parte ativa esférica diamantada e haste em aço inoxidável, resistente a vários ciclos de esterilização em autoclave.
 Indicação: acesso inicial em lesões cariosas e abertura ou retenções em Dentística. 
 Apresentação: blister contendo 1 unidade, com dados de identificação, lote, procedência e rastreabilidade, responsável técnico, garantia, certificações (fabricado de acordo com padrões internacionais de qualidade, normas da ABNT) e registro na ANVISA.",Unidade,11/09/2026,Caio César Borges de Oliveira
4150587,BROCA AR DIAMANTADA ESFÉRICA Nº 1016,"Características: Broca AR diamantada esférica nº 1016. Parte ativa esférica diamantada e haste em aço inoxidável, resistente a vários ciclos de esterilização em autoclave.
 Indicação: acesso inicial em lesões cariosas e abertura ou retenções em Dentística. 
 Apresentação: blister contendo 1 unidade, com dados de identificação, lote, procedência e rastreabilidade, responsável técnico, garantia, certificações (fabricado de acordo com padrões internacionais de qualidade, normas da ABNT) e registro na ANVISA.",Unidade,11/09/2026,Caio César Borges de Oliveira
4150590,BROCA AR DIAMANTADA ESFÉRICA Nº 1016 HL,"Características: Broca AR diamantada esférica nº 1016 longa (HL). Parte ativa esférica diamantada e haste em aço inoxidável, resistente a vários ciclos de esterilização em autoclave.
 Indicação: acesso inicial em lesões cariosas e abertura ou retenções em Dentística. 
 Apresentação: blister contendo 1 unidade, com dados de identificação, lote, procedência e rastreabilidade, responsável técnico, garantia, certificações (fabricado de acordo com padrões internacionais de qualidade, normas da ABNT) e registro na ANVISA.",Unidade,11/09/2026,Caio César Borges de Oliveira
4150597,,,,,
4150599,,,,,
4150602,BROCA AR DIAMANTADA Nº 3069,"Características: broca diamantada para alta rotação, com parte ativa de formato cônico de topo plano e haste confeccionada em aço inoxidável, compatível com canetas de alta rotação. Produto passível de esterilização em autoclave.
Indicação: indicada para preparo cavitário e preparo protético, incluindo confecção de término cervical em ombro e degrau marginal.
Apresentação: embalagem contendo 1 unidade, com dados de identificação, lote, procedência e rastreabilidade, responsável técnico, garantia, certificações (fabricado de acordo com padrões internacionais de qualidade, normas da ABNT) e registro na ANVISA.",Unidade,11/09/2026,Caio César Borges de Oliveira
4150607,BROCA AR DIAMANTADA Nº 3195,"Características: broca cônica com parte ativa diamantada e haste em aço inoxidável. Topo em forma de chama. Granulação média. Autoclavável.
 Indicação: preparos de cavidades com paredes expulsivas e ângulos internos definidos.
 Apresentação: blister contendo 1 unidade, com dados de identificação, lote, procedência e rastreabilidade, responsável técnico, garantia, certificações (fabricado de acordo com padrões internacionais de qualidade, normas da ABNT) e registro na ANVISA.",Unidade,11/09/2026,Caio César Borges de Oliveira
4150606,BROCA AR DIAMANTADA Nº 3118 FF,"Características: parte ativa diamantada em forma de chama, com granulometria extra fina e haste em aço inoxidável. 
 Indicação: confecção e acabamento de cavidades para restaurações; refinamento de superfícies de restaurações; desgaste para ajuste oclusal. Autoclavável.
 Apresentação: blister contendo 1 unidade, com dados de identificação, lote, procedência e rastreabilidade, responsável técnico, garantia, certificações (fabricado de acordo com padrões internacionais de qualidade, normas da ABNT) e registro na ANVISA.",Unidade,11/09/2026,Caio César Borges de Oliveira
4150613,BROCA AR ENDO Z,"Características: broca tronco-cônica. Parte ativa produzida em carboneto de tungstênio e haste em aço inoxidável.
 Indicação: preparo da câmara pulpar durante o acesso aos canais radiculares.
 Apresentação: blister contendo 1 unidade, com dados de identificação, lote, procedência e rastreabilidade, responsável técnico, garantia, certificações (fabricado de acordo com padrões internacionais de qualidade, normas da ABNT) e registro na ANVISA.",Blister com 1 unidade,11/09/2026,Caio César Borges de Oliveira
4150756,,,,,
4150757,,,,,
4150794,,,,,
4150758,BROCA BR CIRÚRGICA PARA PEÇA RETA Nº 701,"Características: broca em carboneto de tungstênio. Ponta ativa com corte espiral fissurado. Autoclavável.
 Indicação: cirurgias odontológicas.
  Apresentação: blister contendo 1 unidade, com dados de identificação, lote, procedência e rastreabilidade, responsável técnico, garantia, certificações (fabricado de acordo com padrões internacionais de qualidade, normas da ABNT) e registro na ANVISA.",Blister com 1 unidade,11/09/2026,Caio César Borges de Oliveira
4150759,BROCA BR CIRÚRGICA PARA PEÇA RETA Nº 702,"Características: broca em carboneto de tungstênio. Ponta ativa com corte espiral fissurado. Autoclavável.
 Indicação: cirurgias odontológicas.
  Apresentação: blister contendo 1 unidade, com dados de identificação, lote, procedência e rastreabilidade, responsável técnico, garantia, certificações (fabricado de acordo com padrões internacionais de qualidade, normas da ABNT) e registro na ANVISA.",Blister com 1 unidade,11/09/2026,Caio César Borges de Oliveira
4150760,BROCA BR CIRÚRGICA PARA PEÇA RETA Nº 703,"Características: broca em carboneto de tungstênio. Ponta ativa com corte espiral fissurado. Autoclavável.
 Indicação: cirurgias odontológicas.
  Apresentação: blister contendo 1 unidade, com dados de identificação, lote, procedência e rastreabilidade, responsável técnico, garantia, certificações (fabricado de acordo com padrões internacionais de qualidade, normas da ABNT) e registro na ANVISA.",Blister com 1 unidade,11/09/2026,Caio César Borges de Oliveira
4150531,,,,,
4150771,,,,,
4150533,BROCA BR ESFÉRICA Nº 2,"Características: broca esférica de baixa rotação n.º 2 em aço carbono. Parte ativa esférica. Autoclavável.
 Indicação: remoção de dentina infectada, preparo da extensão de paredes cavitárias e acesso endodôntico.
 Apresentação: embalagem contendo 6 unidades, com dados de identificação, lote, procedência e rastreabilidade, responsável técnico, garantia, certificações (fabricado de acordo com padrões internacionais de qualidade, normas da ABNT) e registro na ANVISA.",Embalagem com 6 unidades,11/09/2026,Caio César Borges de Oliveira
4150534,,,,,
4150535,BROCA BR ESFÉRICA Nº 4,"Características: broca esférica de baixa rotação n.º 4 em aço carbono. Parte ativa esférica. Autoclavável.
 Indicação: remoção de dentina infectada, preparo da extensão de paredes cavitárias e acesso endodôntico.
 Apresentação: embalagem contendo 6 unidades, com dados de identificação, lote, procedência e rastreabilidade, responsável técnico, garantia, certificações (fabricado de acordo com padrões internacionais de qualidade, normas da ABNT) e registro na ANVISA.",Embalagem com 6 unidades,11/09/2026,Caio César Borges de Oliveira
4150541,,,,,
4150543,BROCA BR ESFÉRICA Nº 6,"Características: broca esférica de baixa rotação n.º 6 em aço carbono. Parte ativa esférica. Autoclavável.
 Indicação: remoção de dentina infectada, preparo da extensão de paredes cavitárias e acesso endodôntico.
 Apresentação: embalagem contendo 6 unidades, com dados de identificação, lote, procedência e rastreabilidade, responsável técnico, garantia, certificações (fabricado de acordo com padrões internacionais de qualidade, normas da ABNT) e registro na ANVISA.",Embalagem com 6 unidades,11/09/2026,Caio César Borges de Oliveira
4150545,,,,,
4151136,BROCA BR ESFÉRICA Nº 8,"Características: broca esférica de baixa rotação n.º 8 em aço carbono. Parte ativa esférica. Autoclavável.
 Indicação: remoção de dentina infectada, preparo da extensão de paredes cavitárias e acesso endodôntico.
 Apresentação: embalagem contendo 6 unidades, com dados de identificação, lote, procedência e rastreabilidade, responsável técnico, garantia, certificações (fabricado de acordo com padrões internacionais de qualidade, normas da ABNT) e registro na ANVISA.",Embalagem com 6 unidades,11/09/2026,Caio César Borges de Oliveira
4150761,BROCA BR GATES Nº 3 HL,"Características: produzida em aço inox cirúrgico. Ponta inativa arredondada que previne perfurações. Autoclavável.
 Indicação: auxiliar no preparo dos canais radiculares.
 Apresentação: blister contendo 1 unidade, com dados de identificação, lote, procedência e rastreabilidade, responsável técnico, garantia, certificações (fabricado de acordo com padrões internacionais de qualidade, normas da ABNT) e registro na ANVISA.",Blister com 1 unidade,11/09/2026,Caio César Borges de Oliveira
4150762,,,,,
4150763,BROCA BR GATES Nº 4 HL,"Características: produzida em aço inox cirúrgico. Ponta inativa arredondada que previne perfurações. Autoclavável.
 Indicação: auxiliar no preparo dos canais radiculares.
 Apresentação: blister contendo 1 unidade, com dados de identificação, lote, procedência e rastreabilidade, responsável técnico, garantia, certificações (fabricado de acordo com padrões internacionais de qualidade, normas da ABNT) e registro na ANVISA.",Blister com 1 unidade,11/09/2026,Caio César Borges de Oliveira
4150764,,,,,
4150765,BROCA BR GATES Nº 5 HL,"Características: produzida em aço inox cirúrgico. Ponta inativa arredondada que previne perfurações. Autoclavável.
 Indicação: auxiliar no preparo dos canais radiculares.
 Apresentação: blister contendo 1 unidade, com dados de identificação, lote, procedência e rastreabilidade, responsável técnico, garantia, certificações (fabricado de acordo com padrões internacionais de qualidade, normas da ABNT) e registro na ANVISA.",Blister com 1 unidade,11/09/2026,Caio César Borges de Oliveira
4150768,,,,,
4150769,,,,,
4150770,BROCA BR LENTULO KIT 25 MM,"Características: broca com espiral de aço inoxidável.
 Indicação: como propulsor de cimentos obturadores e medicações para o interior dos canais radiculares.
 Apresentação: blister contendo 4 unidades sortidas, com dados de identificação, lote, procedência e rastreabilidade, responsável técnico, garantia, certificações (fabricado de acordo com padrões internacionais de qualidade, normas da ABNT) e registro na ANVISA.",Blister com 4 unidades sortidas,11/09/2026,Caio César Borges de Oliveira
4150772,,,,,
4150766,,,,,
4150767,,,,,
4150773,,,,,
4150565,,,,,
4150486,CABO PARA BISTURI Nº 3,"Cabo para bisturi nº 3 em aço inoxidável AISI 420. Instrumento não articulado e não cortante. Comprimento: 12,5 cm. Autoclavável. Indicado para acoplar lâminas de bisturi nº 10 a 17, utilizadas para realizar incisões. Apresentação: embalagem plástica individual contendo informações de modelo, procedência, dados de identificação, garantia, validade, nº do lote de fabricação gravado no corpo da peça, o que permite a rastreabilidade, certificações (fabricado de acordo com padrões internacionais de qualidade, normas da ABNT) e registro na ANVISA.",Unidade,11/09/2026,Caio César Borges de Oliveira
4150487,CABO PARA ESPELHO BUCAL Nº 5,"Cabo para espelho bucal nº 5. Produzido em alumínio. Comprimento: 13 cm. Autoclavável. Indicado para colocação do espelho, como também para teste de percussão e sensibilidade para avaliar dentes com mobilidade. Serve para facilitar a utilização do espelho, prolongando sua haste de manipulação para maior alcance. Apresentação: embalagem com 1 unidade, com informações de modelo, procedência, dados de identificação, garantia, validade, nº do lote de fabricação gravado no corpo da peça, o que permite a rastreabilidade, certificações (fabricado de acordo com padrões internacionais de qualidade, normas da ABNT) e registro na ANVISA.",Unidade,11/09/2026,Caio César Borges de Oliveira
4150489,,,,,
4150795,"CALCADOR DE PAIVA Nº 1, 2, 3, 4","Calcador de Paiva nº 1, 2, 3, 4. Kit contendo 4 peças de condensadores endodônticos em aço inoxidável AISI 420. Autoclavável. Possuem ponta longa e fina em apenas um lado do instrumento. Utilizados na condensação vertical para obturação endodôntica, em diâmetros compatíveis com os do canal radicular. Apresentação: embalagem com 4 unidades, com informações de modelo, procedência, dados de identificação, garantia, validade, nº do lote de fabricação gravado no corpo da peça, o que permite a rastreabilidade, certificações (fabricado de acordo com padrões internacionais de qualidade, normas da ABNT) e registro na ANVISA.",Kit,11/09/2026,Caio César Borges de Oliveira
4151158,CAMPO CIRÚRGICO DESCARTÁVEL EM TNT 50 x 50 CM,"Características: produzido em TNT 100% polipropileno atóxico e hipoalergênico. Sem fenestra. Cor branca. Não estéril. Medidas: 50 x 50 cm. Gramatura 30 g.
 Indicação: proteção aos pacientes e profissionais contra possíveis infecções durante procedimentos cirúrgicos e ambulatoriais. 
 Apresentação: embalagem plástica contendo 50 unidades, com dados de identificação, lote, procedência e rastreabilidade, responsável técnico, garantia, certificações (fabricado de acordo com padrões internacionais de qualidade, normas da ABNT) e registro na ANVISA.",Pacote,11/09/2026,Caio César Borges de Oliveira
4150775,CAMPO CIRÚRGICO DESCARTÁVEL EM TNT 60 x 90 CM,"Características: produzido em TNT 100% polipropileno atóxico e hipoalergênico. Sem fenestra. Cor branca. Não estéril. Medidas: 60 x 90 cm. Gramatura 30 g.
 Indicação: proteção aos pacientes e profissionais contra possíveis infecções durante procedimentos cirúrgicos e ambulatoriais. 
 Apresentação: embalagem plástica contendo 50 unidades, com dados de identificação, lote, procedência e rastreabilidade, responsável técnico, garantia, certificações (fabricado de acordo com padrões internacionais de qualidade, normas da ABNT) e registro na ANVISA.",Pacote,11/09/2026,Caio César Borges de Oliveira
4151150,CANETA DE ALTA ROTAÇÃO ODONTOLÓGICA PUSH BUTTON,"Tipo de conexão: ISO 9168 tipos universal Borden velocidade de rotação: maior que 350.000 rpm. Pressão de ar para acionamento: 0.28MPa (2.8kgf/cm²) ~ 0.30MPa (3.0 kgf/cm²). Tipo de spray: 3 pontos de spray ou mais. Tipo de fixação da broca: Sistema Push Button. Broca: ISO 1797-1 Tipo 3 Ø1.59~1.60mm. Pressão do jato de ar: 0.20MPa (2.0kgf/cm²) ~ 0.24MPa (2.4 kgf/cm²). Autoclavável por até 1000 ciclos. Nível de ruído máximo: 64 decibéis. Mínimo de doze meses de garantia de toda a peça, incluindo troca de rolamento. Apresentação: embalagem com 1 unidade, com informações de modelo e procedência. Dados de identificação, garantia, validade, n° do lote de fabricação gravado no corpo da peça, o que permite a rastreabilidade. Certificações (fabricado de acordo com padrões internacionais de qualidade, normas da ABNT, CE) e registro na Anvisa",Unidade,11/09/2026,Caio César Borges de Oliveira
4150776,CARBONO LÍQUIDO PARA AJUSTE PROTÉTICO,"Composição: álcool etílico, pigmento azul, dióxido de titânio, álcool isopropílico, óleo mineral (vaselina líquida), etilenoglicol e polisorbato 80. Espessura do filme: 0,4 a 0,5 microns. Cor azul.
 Indicação: ajuste oclusal em contatos prematuros e interferências nos movimentos excursivos dos dentes naturais, metais ou porcelanas.
 Apresentação: embalagem contendo 1 frasco de 10 ml de carbono líquido e 1 frasco de 20 ml de solvente, com dados de identificação, lote, procedência e rastreabilidade, responsável técnico, garantia, certificações (fabricado de acordo com padrões internacionais de qualidade, normas da ABNT) e registro na ANVISA.",Frasco,11/09/2026,Caio César Borges de Oliveira
4150615,,,,,
4151169,,,,,
4151168,CARTELA PARA RX COM 02 FUROS,"Características: cartela de papel com marca gravada e espaço para anotações. Gramatura de 240 g/m². Medidas: 115 x 80mm. Possui 2 furos, com reforço nas bordas para melhor fixação das películas radiográficas e com aletas resistentes e embutidas. 
 Indicação: armazenar, organizar e visualizar filmes de raio X odontológico.
 Apresentação: blocos contendo 100 unidades, em embalagem plástica, com dados de identificação, lote, procedência e rastreabilidade, responsável técnico, garantia, certificações (fabricado de acordo com padrões internacionais de qualidade, normas da ABNT) e registro na ANVISA.",Embalagem com 100 unidades,11/09/2026,Caio César Borges de Oliveira
4151167,,,,,
4151166,,,,,
4150491,CHAVE/TORQUÍMETRO UNIVERSAL PARA APERTO DE PONTA DE ULTRASSOM,"Características: torquímetro para instalação e remoção de pontas (inserts/tips) de ultrassom odontológico, confeccionado em polipropileno e metal. Possui formato cilíndrico anatômico, altura 5cm , largura 4cm, comprimento 5cm, peso 5g. Sistema de encaixe para as pontas de ultrassom e limitador de torque, proporcionando aperto controlado durante a instalação e remoção das pontas, minimizando danos às roscas da peça de mão e das pontas de ultrassom. Compatível com processos de esterilização em autoclave a até 135 °C.
Indicação: indicado para instalação, remoção e aperto controlado de pontas (inserts/tips) de ultrassom odontológico.
Apresentação: embalagem contendo 1 unidade. na cor branca. A embalagem deve conter dados de identificação, lote, procedência, rastreabilidade, responsável técnico, garantia, certificações de qualidade conforme padrões internacionais e normas da ABNT, além do registro na ANVISA.",Unidade,11/09/2026,Caio César Borges de Oliveira
4151175,,,,,
4151176,EUGENOL LÍQUIDO,"Características: líquido de coloração amarela obtido através do óleo de cravo. Composição: eugenol U.S.P. (99 a 100%). Biocompatível. Possui propriedades analgésicas, antissépticas, anti-inflamatórias e cicatrizantes. Utilizado juntamente com óxido de zinco pó.
 Indicação: proteção do complexo dentina-polpa (forramento), curativo auxiliar na recuperação da polpa inflamada, restaurações provisórias e obturação de canais radiculares.
 Apresentação: frasco com tampa rosca contendo 20 ml do produto, em caixa de papel com dados de identificação, lote, procedência e rastreabilidade, responsável técnico, garantia, certificações (fabricado de acordo com padrões internacionais de qualidade, normas da ABNT) e registro na ANVISA.",Frasco,11/09/2026,Caio César Borges de Oliveira
4150621,CIMENTO FOSFATO DE ZINCO,"Composição: ácido fosfórico, hidróxido de alumínio, óxido de zinco e água destilada.
 Indicação: fixação de incrustações, coroas, forração de cavidades e restaurações provisórias. 
 Apresentação: kit contendo 1 frasco com 28g de pó, 1 frasco com 10 ml de líquido e uma colher dosadora. Em embalagem de papel contendo dados de identificação, lote, procedência e rastreabilidade, responsável técnico, garantia, certificações (fabricado de acordo com padrões internacionais de qualidade, normas da ABNT) e registro na ANVISA.",Kit com 1 frasco de pó e 1 frasco de líquido,11/09/2026,Caio César Borges de Oliveira
4150622,CIMENTO FORRADOR DE HIDRÓXIDO DE CÁLCIO,"Características: cimento composto por duas pastas, uma pasta base (ester glicol salicilato, fosfato de cálcio, tungstato de cálcio, óxido de zinco e corantes minerais) e uma pasta catalisadora (etiltolueno sulfonamida, hidróxido de cálcio, óxido de zinco, dióxido de titânio, estearato de zinco e corantes minerais). Bacteriostático.
 Indicação: capeamento pulpar e forramento protetor sob materiais restauradores, cimentos e outros materiais de base.
 Apresentação: embalagem contendo 1 bisnaga de pasta base com 13g, 1 bisnaga de pasta catalisadora com 11g e 1 bloco de mistura. Com dados de identificação, lote, procedência e rastreabilidade, responsável técnico, garantia, certificações (fabricado de acordo com padrões internacionais de qualidade, normas da ABNT) e registro na ANVISA.",Kit com 1 bisnaga de pasta base e 1 bisnaga de pasta catalisadora,11/09/2026,Caio César Borges de Oliveira
4150619,CIMENTO RESTAURADOR PROVISÓRIO DE ÓXIDO DE ZINCO E EUGENOL,"Características: Material restaurador temporário à base de óxido de zinco e eugenol modificado. Deve apresentar tempo de presa reduzido, entre 5 e 8 minutos, fácil manipulação e inserção na cavidade dental, resistência à compressão e à abrasão.
 Indicação: restaurações provisórias de longa duração, cimentação provisória, forramento de cavidades e base terapêutica em procedimentos odontológicos. 
 Apresentação: kit contendo 01 frasco de pó na cor marfim com aproximadamente 38 g, 01 frasco de líquido com aproximadamente 15 mL e 01 dosador. Registro ativo na ANVISA.",Kit com 1 frasco de pó e 1 frasco de líquido,11/09/2026,Caio César Borges de Oliveira
4150796,CINZEL RHODES Nº 36-37,"Cinzel Rhodes nº 36-37. Em aço inoxidável AISI 420. Comprimento: 16 cm. Autoclavável. Instrumento cortante, não articulado, utilizado em procedimentos cirúrgicos quando há necessidade de remoção de tecido ósseo. Apresentação: embalagem plástica com 1 unidade, com informações do modelo, constando os dados de identificação, procedência, validade, garantia, nº do lote de fabricação gravados no corpo da peça, o que permite a rastreabilidade, certificações (fabricado de acordo com padrões internacionais de qualidade, normas da ABNT) e registro na ANVISA.",Unidade,11/09/2026,Caio César Borges de Oliveira
4150797,,,,,
4150798,,,,,
4150625,ESPONJA HEMOSTÁTICA,"Características: esponja de colágeno hidrolisado liofilizada, biocompatível. Material leve, cerca de 10 mg. Produzida com 100% de colágeno. Absorve 40-50 vezes seu próprio peso em sangue total. Completamente reabsorvido pelo organismo em 15 dias. 
 Indicação: proteção do leito da ferida cirúrgica, obtenção de hemostasia, estabilização do coágulo sanguíneo, aceleração do processo de cicatrização.
 Apresentação: blister com 10 unidades do produto, em embalagem de papel contendo dados de identificação, lote, procedência e rastreabilidade, responsável técnico, garantia, certificações (fabricado de acordo com padrões internacionais de qualidade, normas da ABNT) e registro na ANVISA.",Blister com 10 unidades,11/09/2026,Caio César Borges de Oliveira
4150799,COMPASSO DE WILLIS,"Compasso de Willis. Em aço inoxidável AISI 420. Medidas: 140 mm x 55 mm x 25 mm. Autoclavável. Instrumento cirúrgico articulado não cortante utilizado na confecção de próteses totais para determinar a dimensão vertical de repouso (DVR) e a dimensão vertical de oclusão (DVO). Apresentação: embalagem plástica individual, com informações de modelo, constando os dados de identificação, procedência, validade, garantia, nº do lote de fabricação gravado no corpo da peça, o que permite a rastreabilidade, certificações (fabricado de acordo com padrões internacionais de qualidade, normas da ABNT) e registro na ANVISA.",Unidade,11/09/2026,Caio César Borges de Oliveira
4151180,,,,,
4151182,CONES DE GUTA PERCHA RECIPROCANTE LARGE (L),"Características: cones à base de guta percha, óxido de zinco e corante orgânico. Calibre # 45. Comprimento: 28 mm. 
 Indicação: obturação dos canais radiculares exclusivamente preparados pelo sistema reciprocante. 
 Apresentação: caixa plástica com 60 unidades, rótulo contendo dados de identificação, lote, procedência e rastreabilidade, responsável técnico, garantia, certificações (fabricado de acordo com padrões internacionais de qualidade, normas da ABNT) e registro na ANVISA.",Embalagem com 60 unidades,11/09/2026,Caio César Borges de Oliveira
4151183,CONES DE GUTA PERCHA RECIPROCANTE SMALL (S),"Características: cones à base de guta percha, óxido de zinco e corante orgânico. Calibre # 20. Comprimento: 28 mm.
 Indicação: obturação dos canais radiculares exclusivamente preparados pelo sistema reciprocante. 
 Apresentação: caixa plástica com 60 unidades, rótulo contendo com dados de identificação, lote, procedência e rastreabilidade, responsável técnico, garantia, certificações (fabricado de acordo com padrões internacionais de qualidade, normas da ABNT) e registro na ANVISA.",Embalagem com 60 unidades,11/09/2026,Caio César Borges de Oliveira
4151177,CONES DE GUTA PERCHA RECIPROCANTE PRIMARY (P),"Características: cones à base de guta percha, óxido de zinco e corante orgânico. Calibre # 25. Comprimento: 28 mm.
 Indicação: obturação dos canais radiculares exclusivamente preparados pelo sistema reciprocante. 
 Apresentação: caixa plástica com 60 unidades, rótulo contendo dados de identificação, lote, procedência e rastreabilidade, responsável técnico, garantia, certificações (fabricado de acordo com padrões internacionais de qualidade, normas da ABNT) e registro na ANVISA.",Embalagem com 60 unidades,11/09/2026,Caio César Borges de Oliveira
4151184,CONES DE GUTA PERCHA RECIPROCANTE MEDIUM (M),"Características: cones à base de guta percha, óxido de zinco e corante orgânico. Calibre # 35. Comprimento: 28 mm.
 Indicação: obturação dos canais radiculares exclusivamente preparados pelo sistema reciprocante. 
 Apresentação: caixa plástica com 60 unidades, rótulo contendo dados de identificação, lote, procedência e rastreabilidade, responsável técnico, garantia, certificações (fabricado de acordo com padrões internacionais de qualidade, normas da ABNT) e registro na ANVISA.",Embalagem com 60 unidades,11/09/2026,Caio César Borges de Oliveira
4150800,CONFORMADOR DE CERA,"Conformador de cera para confecção de blocos oclusais (roletes de cera). Composição: metal. Embalagem plástica com 1 unidade, com informações do modelo, constando os dados de identificação, procedência, validade, garantia, nº do lote de fabricação gravados no corpo da peça, o que permite a rastreabilidade, certificações (fabricado de acordo com padrões internacionais de qualidade, normas da ABNT) e registro na ANVISA.",Unidade,11/09/2026,Caio César Borges de Oliveira
4150801,,,,,
4150626,CREME DENTAL COM FLÚOR SABOR MENTA,"Creme dental sabor menta com teor de flúor entre 1.400 a 1500 p.p.m. Composição mínima: Princípio ativo: monofluorfosfato de sódio; Microparticulas polidoras e abrasivas de carbonato de cálcio; Umectante: Glicerina; Espumante: Lauril sulfato de sódio; Regulador de pH: Bicarbonato de sódio; Controlador de placa/cálculo dental: Pirofosfato tetrassódico. Embalagem primária: tubo plástico flexível contendo 50 g do produto. Embalagem secundária: caixa de papel. Validade superior a 18 meses a partir da data de entrega, com selo de aprovação da Associação Brasileira de Odontologia (ABO) e registro no Ministério da Saúde.",Unidade,11/09/2026,Caio César Borges de Oliveira
4150494,,,,,
4150601,CUBA INOX REDONDA,"Cuba inox redonda. Medidas: 9,0 x 4,5 cm. Capacidade: 240 ml. Em aço inoxidável AISI 304. Autoclavável. Utilizada para fazer o acondicionamento de medicação, resíduos, soro, álcool iodado, etc. Apresentação: embalagem plástica com 1 unidade, com informações do modelo, constando os dados de identificação, procedência, validade, garantia, nº do lote de fabricação gravados no corpo da peça, o que permite a rastreabilidade, certificações (fabricado de acordo com padrões internacionais de qualidade, normas da ABNT) e registro na ANVISA.",Unidade,11/09/2026,Caio César Borges de Oliveira
4150629,CUNHA DE MADEIRA ANATÔMICA,"Características: cunhas anatômicas confeccionadas em madeira, com superfície lisa, acabamento uniforme, isentas de farpas e imperfeições. Produzidas com corantes atóxicos, disponibilizadas em tamanhos variados e cores diferenciadas para identificação.
Indicação: indicadas para adaptação de matrizes, afastamento dentário e obtenção de adequado selamento cervical durante procedimentos restauradores.
 Apresentação: caixa plástica com 100 unidades sortidas, rótulo contendo dados de identificação, lote, procedência e rastreabilidade, responsável técnico, garantia, certificações (fabricado de acordo com padrões internacionais de qualidade, normas da ABNT) e registro na ANVISA.",Embalagem com 100 unidades,11/09/2026,Caio César Borges de Oliveira
4150802,CURETA CRANE KAPLAN Nº 6,"Cureta Crane Kaplan nº 6. Em aço inoxidável AISI 420. Comprimento: 16 cm. Autoclavável. Instrumental não articulado cortante utilizado na remoção de tecidos fibrosos residuais em procedimentos cirúrgicos de manipulação gengival como gengivoplastia e aumento de coroa clínica. Utilizado também para raspagem de cálculo supra gengival. Apresentação: embalagem com 1 unidade, com informações de modelo, procedência, dados de identificação, garantia, validade, nº do lote de fabricação gravado no corpo da peça, o que permite a rastreabilidade, certificações (fabricado de acordo com padrões internacionais de qualidade, normas da ABNT) e registro na ANVISA.",Unidade,11/09/2026,Caio César Borges de Oliveira
4150495,CURETA CIRÚRGICA LUCAS Nº 86,"Cureta cirúrgica Lucas nº 86. Em aço inoxidável AISI 420. Comprimento: 16 cm. Autoclavável. Instrumental cirúrgico não articulado cortante. Utilizado em cirurgias odontológicas, na curetagem de alvéolos pós exodontias. Apresentação: embalagem com 1 unidade, com informações de modelo, procedência, dados de identificação, garantia, validade, nº do lote de fabricação gravado no corpo da peça, o que permite a rastreabilidade, certificações (fabricado de acordo com padrões internacionais de qualidade, normas da ABNT) e registro na ANVISA.",Unidade,11/09/2026,Caio César Borges de Oliveira
4150803,CURETA CIRÚRGICA LUCAS Nº 85,"Cureta cirúrgica Lucas nº 85. Em aço inoxidável AISI 420. Comprimento: 16 cm. Autoclavável. Instrumental cirúrgico não articulado cortante. Utilizado em cirurgias odontológicas, na curetagem de alvéolos pós exodontias. Apresentação: embalagem com 1 unidade, com informações de modelo, procedência, dados de identificação, garantia, validade, nº do lote de fabricação gravado no corpo da peça, o que permite a rastreabilidade, certificações (fabricado de acordo com padrões internacionais de qualidade, normas da ABNT) e registro na ANVISA.",Unidade,11/09/2026,Caio César Borges de Oliveira
4150503,,,,,
4150504,,,,,
4150505,,,,,
4150804,CURETA GOLDMAN FOX Nº 2,"Cureta Goldman Fox nº 2. Em aço inoxidável AISI 420. Autoclavável. Instrumento cortante, não articulado, com as seguintes dimensões: comprimento: 160 mm; espessura do cabo: 8 mm; comprimento da haste: 5 mm. Instrumento utilizado em Periodontia, na remoção de cálculo nos dentes anteriores e pré-molares. Também utilizado em regiões de furca. Apresentação: embalagem plástica com uma unidade, com dados de identificação, lote, procedência e rastreabilidade, garantia, nº do lote de fabricação gravados no corpo da peça, o que permite a rastreabilidade, certificações (fabricado de acordo com padrões internacionais de qualidade, normas da ABNT) e registro na ANVISA.",Unidade,11/09/2026,Caio César Borges de Oliveira
4150496,CURETA GRACEY 11/12,"Cureta Gracey 11/12. Medidas: comprimento: 160 mm; espessura do cabo: 8 mm; comprimento da haste: 5 mm. Instrumento cortante, não articulado, produzido em aço inoxidável AISI 420. Possui duas pontas ativas. Autoclavável. Instrumento utilizado em Periodontia, indicado para remoção de cálculos profundos, alisamento radicular do cemento alterado e remoção de tecido mole nas faces mesiais de pré-molares e molares. Apresentação: embalagem plástica com uma unidade, com dados de identificação, lote, procedência e rastreabilidade, garantia, nº do lote de fabricação gravados no corpo da peça, o que permite a rastreabilidade, certificações (fabricado de acordo com padrões internacionais de qualidade, normas da ABNT) e registro na ANVISA.",Unidade,11/09/2026,Caio César Borges de Oliveira
4150497,CURETA GRACEY 13/14,"Cureta Gracey 13/14. Medidas: comprimento: 160 mm; espessura do cabo: 8 mm; comprimento da haste: 5 mm. Instrumento cortante, não articulado, produzido em aço inoxidável AISI 420. Possui duas pontas ativas. Autoclavável. Instrumento utilizado em Periodontia, indicado para remoção de cálculos profundos, alisamento radicular do cemento alterado e remoção de tecido mole nas faces distais de pré-molares e molares. Apresentação: embalagem plástica com uma unidade, com dados de identificação, lote, procedência e rastreabilidade, garantia, nº do lote de fabricação gravados no corpo da peça, o que permite a rastreabilidade, certificações (fabricado de acordo com padrões internacionais de qualidade, normas da ABNT) e registro na ANVISA.",Unidade,11/09/2026,Caio César Borges de Oliveira
4150499,CURETA GRACEY 5/6,"Cureta Gracey 5/6. Medidas: comprimento: 160 mm; espessura do cabo: 8 mm; comprimento da haste: 5 mm. Instrumento cortante, não articulado, produzido em aço inoxidável AISI 420. Possui duas pontas ativas. Autoclavável. Instrumento utilizado em Periodontia, indicado para remoção de cálculos profundos, alisamento radicular do cemento alterado e remoção de tecido mole em todas as faces dos dentes anteriores e pré-molares. Apresentação: embalagem plástica com uma unidade, com dados de identificação, lote, procedência e rastreabilidade, garantia, nº do lote de fabricação gravados no corpo da peça, o que permite a rastreabilidade, certificações (fabricado de acordo com padrões internacionais de qualidade, normas da ABNT) e registro na ANVISA.",Unidade,11/09/2026,Caio César Borges de Oliveira
4150501,CURETA GRACEY 7/8,"Cureta Gracey 7/8. Medidas: comprimento: 160 mm; espessura do cabo: 8 mm; comprimento da haste: 5 mm. Instrumento cortante, não articulado, produzido em aço inoxidável AISI 420. Possui duas pontas ativas. Autoclavável. Instrumento utilizado em Periodontia, indicado para remoção de cálculos profundos, alisamento radicular do cemento alterado e remoção de tecido mole nas superfícies vestibular e lingual dos dentes posteriores. Apresentação: embalagem plástica com uma unidade, com dados de identificação, lote, procedência e rastreabilidade, garantia, nº do lote de fabricação gravados no corpo da peça, o que permite a rastreabilidade, certificações (fabricado de acordo com padrões internacionais de qualidade, normas da ABNT) e registro na ANVISA.",Unidade,11/09/2026,Caio César Borges de Oliveira
4150506,,,,,
4150507,CURETA PARA DENTINA Nº 18,"Cureta para dentina nº 18, em aço inoxidável AISI 420. Comprimento: 16 cm. Autoclavável. Instrumental utilizado na remoção de tecido cariado e preparação da superfície dental para a aplicação de materiais restauradores. Apresentação: embalagem com 1 unidade, com informações de modelo, procedência, dados de identificação, garantia, validade, nº do lote de fabricação gravado no corpo da peça, o que permite a rastreabilidade, certificações (fabricado de acordo com padrões internacionais de qualidade, normas da ABNT) e registro na ANVISA.",Unidade,11/09/2026,Caio César Borges de Oliveira
4150509,CURETA PARA DENTINA Nº 5,"Cureta para dentina nº 5, em aço inoxidável AISI 420. Comprimento: 16 cm. Autoclavável. Instrumental utilizado na remoção de tecido cariado e preparação da superfície dental para a aplicação de materiais restauradores. Apresentação: embalagem com 1 unidade, com informações de modelo, procedência, dados de identificação, garantia, validade, nº do lote de fabricação gravado no corpo da peça, o que permite a rastreabilidade, certificações (fabricado de acordo com padrões internacionais de qualidade, normas da ABNT) e registro na ANVISA.",Unidade,11/09/2026,Caio César Borges de Oliveira
4150631,DEDEIRA,"Dedeira - escova massageadora para gengiva para bebê - desenvolvida em 100% de silicone totalmente atóxico, livre de BPA e com textura ultra macia. Utilizada para a higiene bucal e alívio do desconforto no irrompimento dos primeiros dentes. Indicado para higienizar e massagear a gengiva do bebê de 0 a 5 meses. Dimensões: c x l x a - 7 x 4 x 3 cm. Cor transparente. Esterilizável. Apresentação: embalagem plástica com 1 unidade, com informações do modelo, constando os dados de identificação, procedência, validade, garantia, nº do lote de fabricação. As escovas dentais devem ser testadas e aprovadas pela ABO (Associação Brasileira de Odontologia) e ANVISA.",Unidade,11/09/2026,Caio César Borges de Oliveira
4150805,DESCOLADOR DE MOLT Nº 9,"Descolador de Molt nº 9. Em aço inoxidável AISI 420. Comprimento:18 cm. Autoclavável. Instrumento cirúrgico não articulado indicado para descolamento do periósteo em procedimentos cirúrgicos. Apresentação: embalagem plástica individual, com informações do modelo, constando os dados de identificação, procedência, validade, garantia, nº do lote de fabricação gravados no corpo da peça, o que permite a rastreabilidade, certificações (fabricado de acordo com padrões internacionais de qualidade, normas da ABNT) e registro na ANVISA.",Unidade,11/09/2026,Caio César Borges de Oliveira
4150778,,,,,
4151174,EDTA SOLUÇÃO QUELANTE AQUOSA A 17 %,"Características: solução quelante trissódico. 
 Indicação: remover a smear layer e facilitar a instrumentação endodôntica, especialmente nos canais radiculares atrésicos. 
 Apresentação: embalagem primária: frasco de vidro e tampa rosca, contendo 20 ml do produto. Embalagem secundária: caixa de papel contendo dados de identificação, lote, procedência e rastreabilidade, responsável técnico, garantia, certificações (fabricado de acordo com padrões internacionais de qualidade, normas da ABNT) e registro na ANVISA.",Frasco,11/09/2026,Caio César Borges de Oliveira
4151173,EDTA GEL A 24 %,"Características: gel ácido quelante trissódico hidrossolúvel.
 Indicação: remover a smear layer da cavidade pulpar, facilitar a entrada das limas na instrumentação endodôntica, alargar os canais radiculares e preparar a parede dentinária para a adesão dos materiais obturadores.
 Apresentação: embalagem primária: seringa plástica contendo 3 g do produto e 1 ponteira. Embalagem secundária: caixa de papel com dados de identificação, lote, procedência e rastreabilidade, responsável técnico, garantia, certificações (fabricado de acordo com padrões internacionais de qualidade, normas da ABNT) e registro na ANVISA.",Frasco,11/09/2026,Caio César Borges de Oliveira
4150633,ESCOVA DENTAL ADULTO,"Escova dental adulto: composição resina termoplástica nylon, âncoras metálicas e pigmentos atóxicos. Escova de cabeça pequena, cerdas de nylon macias contendo 4 fileiras de tufos com até 34 tufos de cerdas aparadas e arredondadas uniformemente. Cabo ergonômico de tamanho aproximado 17 cm., reto, anatômico, com empunhadura. Cabeça da escova protegida com protetor de cerdas em plástico. Embaladas individualmente em saquinhos plásticos lacrados sortidos, tipo flow pack. Indicada para higienização bucal, recomendada para jovens e adultos de todas as idades. Marca impressa no corpo da escova. Apresentação: embalagem plástica com 50 unidades, na quantidade total ou fracionada, com informações do modelo, dados de identificação, procedência, validade, garantia, nº do lote. As escovas dentais devem ser testadas e aprovadas pela ABO (Associação Brasileira de Odontologia) e ANVISA.",Pacote com 50 unidades,11/09/2026,Caio César Borges de Oliveira
4150635,ESCOVA DENTAL INFANTIL (+ 3 ANOS),"Escova dental infantil: composição resina termoplástica nylon, âncoras metálicas e pigmentos atóxicos. Escova de cabeça pequena, cerdas de nylon extra macias com até 29 tufos de cerdas aparadas e arredondadas uniformemente, compacta, em formato arredondado. Cabo ergonômico leve compatível com pega de criança de tamanho aproximado 15 cm., anatômico, com empunhadura, de cores sortidas. Cabeça da escova protegida com protetor de cerdas em plástico. Embaladas individualmente em saquinhos plásticos lacrados sortidos, tipo flow pack. Indicada para higienização bucal, recomendada para crianças acima de 3 anos. Marca impressa no corpo da escova.  Apresentação: embalagem plástica com 50 unidades, na quantidade total ou fracionada, com informações do modelo, dados de identificação, procedência, validade, garantia, nº do lote. As escovas dentais devem ser testadas e aprovadas pela ABO (Associação Brasileira de Odontologia) e ANVISA.",Pacote com 50 unidades,11/09/2026,Caio César Borges de Oliveira
4150641,ESCOVA DENTAL PARA BEBE,"Escova dental para bebê: composição resina termoplástica nylon, âncoras metálicas e pigmentos atóxicos. Escova de cabeça compacta, em formato arredondado, emborrachada,, com cerca de 1,5 cm, cerdas de nylon extra macias com até 22 tufos de cerdas aparadas e arredondadas uniformemente, em formato arredondado. Cabo grosso, ergonômico, leve, compatível com pega de adultos e bebês de tamanho aproximado 12 cm., anatômico, com empunhadura, de cores sortidas. Cabeça da escova protegida com protetor de cerdas em plástico. Embaladas individualmente em saquinhos plásticos lacrados sortidos, tipo flow pack. Indicada para higienização bucal, recomendada para crianças acima de 3 anos. Marca impressa no corpo da escova.  Apresentação: embalagem plástica com 50 unidades, na quantidade total ou fracionada, com informações do modelo, dados de identificação, procedência, validade, garantia, nº do lote. As escovas dentais devem ser testadas e aprovadas pela ABO (Associação Brasileira de Odontologia) e ANVISA.",Pacote com 50 unidades,11/09/2026,Caio César Borges de Oliveira
4151126,ESCOVA PARA CONTRA ÂNGULO (ROBINSON),"Características: cerdas macias produzidas em nylon nas cores preta e branca, formato plano e reto. Cabo em aço inoxidável. Para uso em contra ângulo. Autoclavável.
 Indicação: procedimentos de profilaxia e polimento dental.
 Apresentação: embalagem plástica contendo 100 unidades, rótulo com dados de identificação, lote, procedência e rastreabilidade, responsável técnico, garantia, certificações (fabricado de acordo com padrões internacionais de qualidade, normas da ABNT) e registro na ANVISA.",Embalagem plástica com 100 unidades,11/09/2026,Caio César Borges de Oliveira
4150643,ESCOVA PARA PRÓTESE DENTAL – DOIS TUFOS,"Escova com dois tufos especialmente produzida para higiene de próteses dentárias removíveis. Possui cerdas rígidas, com maciez ao toque, afiladas e cabo anatômico. Apresenta um dos tufos de cerdas com função interdental; uma face maior para limpeza da superfície dos dentes e das faces mais amplas da prótese, uma face menor para limpeza das áreas internas, superfícies menores da prótese e espaço entre os dentes. A escova deve possuir quantidade mínima de 30 tufos na cabeça maior e tufos de tamanhos diferentes na cabeça menor. Apresentação: embalagem plástica individual com informações do modelo, constando os dados de identificação, procedência, validade, garantia, nº do lote. As escovas dentais devem ser testadas e aprovadas pela associação brasileira de odontologia (ABO) e ANVISA.",Unidade,11/09/2026,Caio César Borges de Oliveira
4150806,ESPÁTULA FREER,"Espátula Freer. Em aço inoxidável AISI 420. Comprimento: 17 cm. Autoclavável. Apresenta duas pontas com alta precisão de corte. Aplicação: descolar e separar o tecido do osso. Indicada para sindesmotomia, descolamento ou diérese, para cirurgias em geral. Apresentação: embalagem com 1 unidade, com informações de modelo, procedência, dados de identificação, garantia, validade, nº do lote de fabricação gravado no corpo da peça, o que permite a rastreabilidade, certificações (fabricado de acordo com padrões internacionais de qualidade, normas da ABNT) e registro na ANVISA.",Unidade,11/09/2026,Caio César Borges de Oliveira
4150512,,,,,
4150807,ESPÁTULA DUPLA Nº 31,"Espátula dupla nº 31, para cera. Em aço inoxidável AISI 420. Comprimento: 17 cm. Autoclavável. Instrumento com duas pontas em formatos diferentes indicado para manipulação de cera. Apresentação: embalagem com 1 unidade, com informações de modelo, procedência, dados de identificação, garantia, validade, nº do lote de fabricação gravado no corpo da peça, o que permite a rastreabilidade, certificações (fabricado de acordo com padrões internacionais de qualidade, normas da ABNT) e registro na ANVISA.",Unidade,11/09/2026,Caio César Borges de Oliveira
4150808,ESPÁTULA DUPLA Nº 7,"Espátula dupla nº 7 para cera. Em aço inoxidável AISI 304. Comprimento: 15 cm. Autoclavável. Apresentação: embalagem com 1 unidade, com informações do modelo, constando os dados de identificação, procedência, validade, garantia, nº do lote de fabricação gravado no corpo da peça, o que permite a rastreabilidade, certificações (fabricado de acordo com padrões internacionais de qualidade, normas da ABNT) e registro na ANVISA.",Unidade,11/09/2026,Caio César Borges de Oliveira
4150514,,,,,
4150809,ESPÁTULA LECRON Nº 5,"Espátula Lecron nº 5. Em aço inoxidável AISI 304 e AISI 420. Comprimento: 16 cm. Autoclavável. Instrumental com duas pontas ativas, de um lado possui uma lâmina cortante com uma ponta convexa, já do outro lado possui a ponta que é responsável por escavar pequenas concavidades. Indicada para escultura em cera, em prótese. Apresentação: embalagem com 1 unidade, com informações do modelo, constando os dados de identificação, procedência, validade, garantia, nº do lote de fabricação gravado no corpo da peça, o que permite a rastreabilidade, certificações (fabricado de acordo com padrões internacionais de qualidade, normas da ABNT) e registro na ANVISA.",Unidade,11/09/2026,Caio César Borges de Oliveira
4150517,ESPÁTULA PARA RESINA FOTOPOLIMERIZÁVEL EM TITÂNIO Nº 2,"Espátula para resina fotopolimerizável, em titânio, nº 2. Comprimento: 18 cm. Autoclavável. Também conhecida como espátula de Thompson. Apresenta duas pontas, uma em formato de espátula e outra em formato de calcador bolinha, antiaderentes. Cabo oco de aproximadamente 8 mm. Utilizada em Dentística restauradora e estética, na reconstrução da coroa dental, restabelecendo sua forma e função. Apresentação: embalagem com 1 unidade, com informações de modelo, procedência, dados de identificação, garantia, validade, marca e nº do lote de fabricação gravado no corpo da peça, o que permite a rastreabilidade. Certificações apresentação: embalagem com 1 unidade, com informações de modelo, certificações (fabricado de acordo com padrões internacionais de qualidade, normas da ABNT) e registro na ANVISA.",Unidade,11/09/2026,Caio César Borges de Oliveira
4150518,ESPÁTULA PARA RESINA FOTOPOLIMERIZÁVEL EM TITÂNIO Nº 4,"Espátula para resina fotopolimerizável, em titânio, nº 4. Comprimento: 18 cm. Autoclavável. Também conhecida como espátula de Thompson. Apresenta duas pontas, antiaderentes. Utilizada em Dentística restauradora e estética, na reconstrução da coroa dental, restabelecendo sua forma e função. Apresentação: embalagem com 1 unidade, com informações de modelo, procedência, dados de identificação, garantia, validade, nº do lote de fabricação gravado no corpo da peça, o que permite a rastreabilidade, certificações (fabricado de acordo com padrões internacionais de qualidade, normas da ABNT) e registro na ANVISA.",Unidade,11/09/2026,Caio César Borges de Oliveira
4150516,,,,,
4150515,ESPÁTULA DE INSERÇÃO DE MATERIAL Nº 3,"Espátula de inserção de material nº 3. Confeccionada em aço inoxidável AISI 420. Instrumento cirúrgico não articulado, não cortante. Apresenta duas pontas finas, com leve curvatura. Dimensão: 20 cm. Autoclavável. Indicação: utilizada para realização de preenchimento, adaptação e compactação do material restaurador na cavidade dentária. Apresentação: embalagem blister contendo 1 unidade, com informações do modelo, dados de identificação, procedência, validade, garantia, nº do lote de fabricação gravado no corpo da peça, o que permite a rastreabilidade, certificações (fabricado de acordo com padrões internacionais de qualidade, normas da ABNT) e registro na ANVISA.",Unidade,11/09/2026,Caio César Borges de Oliveira
4150810,ESPÁTULA PLÁSTICA PARA GESSO E ALGINATO,"Espátula plástica para gesso e alginato. Produzida a partir de resinas termoplásticas puras. Indicada para facilitar a homogeneização de alginato ou gesso para confecção de modelos de estudo, moldagens protéticas e documentação ortodôntica. Autoclavável. Apresentação: embalagem com 1 unidade, com informações do modelo, constando os dados de identificação, procedência, validade, garantia, nº do lote de fabricação gravado no corpo da peça, o que permite a rastreabilidade, certificações (fabricado de acordo com padrões internacionais de qualidade, normas da ABNT) e registro na ANVISA.",Unidade,11/09/2026,Caio César Borges de Oliveira
4150811,ESPÁTULA SIMPLES Nº 36,"Espátula simples nº 36 para cera, em aço inoxidável AISI 304. Comprimento: 16 cm. Autoclavável. Instrumental com a ponta reta utilizado para realizar a manipulação de resina acrílica, cimento e cera. Apresentação: embalagem contendo 1 unidade, com informações de modelo, procedência, dados de identificação, garantia, validade, nº do lote de fabricação gravado no corpo da peça, o que permite a rastreabilidade, certificações (fabricado de acordo com padrões internacionais de qualidade, normas da ABNT) e registro na ANVISA.",Unidade,11/09/2026,Caio César Borges de Oliveira
4150519,ESPELHO BUCAL Nº 5 PRIMEIRO PLANO,"Espelho bucal odontológico nº 5, tipo primeiro plano (Front Surface), com camada refletora depositada na superfície frontal do espelho, proporcionando imagem única, nítida, sem distorções, sem imagem secundária (ghost image) e sem aumento. Confeccionado em aço inoxidável de alta qualidade, não contendo papelão, adesivo ou qualquer outro material entre a superfície espelhada e a armação em aço inoxidável, mantendo a qualidade óptica e a resistência aos sucessivos ciclos de esterilização, sem perda do poder de reflexão, descolamento ou embaçamento. Rosqueável, com encaixe universal, compatível com cabos metálicos padrão. Superfície refletora de alta definição, antiembaçante, indicada para procedimentos que exigem elevada precisão visual. Indicação: indicado para visualização indireta, iluminação do campo operatório, retração de tecidos moles e procedimentos odontológicos que exijam imagem de alta definição. Apresentação: embalagem contendo 1 unidade, com dados de identificação, lote, procedência e rastreabilidade, garantia, certificações (fabricado de acordo com padrões internacionais de qualidade, normas da ABNT) e registro na ANVISA.",Unidade,11/09/2026,Caio César Borges de Oliveira
4150976,,,,,
4150520,,,,,
4150812,,,,,
4151179,,,,,
4150521,,,,,
4151132,,,,,
4151133,,,,,
4150813,CURETA MC CALL Nº 17/18,"Cureta Mc Call nº 17/18, em aço inoxidável AISI 420. Autoclavável. Dimensões: comprimento: 160 mm; espessura do cabo: 8mm. Instrumento cirúrgico não articulado cortante, utilizado na raspagem supragengival nas faces vestibular, palatina e lingual de todos os dentes, no alisamento radicular durante a cirurgia periodontal e também nas raspagens Interproximais de dentes posteriores. Apresentação: embalagem com 1 unidade, com informações de modelo, procedência, dados de identificação, garantia, validade, nº do lote de fabricação gravado no corpo da peça, o que permite a rastreabilidade, certificações (fabricado de acordo com padrões internacionais de qualidade, normas da ABNT) e registro na ANVISA.",Unidade,11/09/2026,Caio César Borges de Oliveira
4150814,,,,,
4150646,FILME PVC,"Características: filme produzido em resina de PVC transparente, plastificantes e estabilizantes. Não estéril. Descartável. Medidas: 100 x 30 cm. 
 Indicação: criar barreiras mecânicas de proteção em equipamentos e periféricos, reduzindo o risco de contaminação cruzada. 
 Apresentação: 1 bobina rolo embalada em caixa de papel, com dados de identificação, lote, procedência e rastreabilidade, responsável técnico, garantia, certificações (fabricado de acordo com padrões internacionais de qualidade, normas da ABNT) e registro na ANVISA.",Unidade,11/09/2026,Caio César Borges de Oliveira
4150815,,,,,
4150649,,,,,
4150653,FIO DE SUTURA SEDA 3-0,"Características: fio de sutura calibre 3-0. Produzido em seda preta trançada, com agulha de aço inox, atraumática, trifacetada, siliconizada, com circular de ½ volta e 1,7 cm de comprimento. Estéril. Não absorvível. Medida do fio: 45 cm.
 Indicação: fechamento de incisões e suturas em cirurgias odontológicas.
 Apresentação: embalagem primária: individualmente em envelope de papel. Embalagem secundária: caixa de papel com 24 envelopes, contendo com dados de identificação, lote, procedência e rastreabilidade, responsável técnico, garantia, certificações (fabricado de acordo com padrões internacionais de qualidade, normas da ABNT) e registro na ANVISA.",Embalagem com 24 unidades,11/09/2026,Caio César Borges de Oliveira
4151160,,,,,
4151161,,,,,
4151162,FIO DE SUTURA POLIGLACTINA 3-0,"Características: fio de sutura calibre 3-0. Composto de copolímero obtido a partir de glicolida e lactida, revestida com poliglactina 370 e estearato de cálcio. Agulha de aço inox círculo triangular ½ com 22 mm de comprimento. Estéril. Absorvível. Medida do fio: 70 cm
 Indicação: fechamento de incisões e suturas em cirurgias odontológicas.
 Apresentação: embalagem primária: individualmente em envelope de papel. Embalagem secundária: caixa de papel com 12 envelopes, contendo dados de identificação, lote, procedência e rastreabilidade, responsável técnico, garantia, certificações (fabricado de acordo com padrões internacionais de qualidade, normas da ABNT) e registro na ANVISA.",Embalagem com 12 unidades,11/09/2026,Caio César Borges de Oliveira
4151163,FIO DE SUTURA POLIGLACTINA 4-0,"Características: fio de sutura calibre 4-0. Composto de copolímero obtido a partir de glicolida e lactida, revestida com poliglactina 370 e estearato de cálcio. Agulha de aço inox círculo triangular ½ com 16 mm de comprimento. Estéril. Absorvível. Medida do fio: 45 cm
 Indicação: fechamento de incisões e suturas em cirurgias odontológicas.
 Apresentação: embalagem primária: individualmente em envelope de papel. Embalagem secundária: caixa de papel com 12 envelopes, contendo com dados de identificação, lote, procedência e rastreabilidade, responsável técnico, garantia, certificações (fabricado de acordo com padrões internacionais de qualidade, normas da ABNT) e registro na ANVISA.",Embalagem com 12 unidades,11/09/2026,Caio César Borges de Oliveira
4151164,,,,,
4151165,,,,,
4151170,FIO DE SUTURA SEDA 4-0,"Características: fio de sutura calibre 4-0. Produzido em seda preta trançada, com agulha de aço inox atraumática, trifacetada, siliconizada, com circular de ½ volta e 1,7 cm de comprimento. Estéril. Não absorvível. Medida do fio: 45 cm.
 Indicação: fechamento de incisões e suturas em cirurgias odontológicas.
 Apresentação: embalagem primária: individualmente em envelope de papel. Embalagem secundária: caixa de papel com 24 envelopes, contendo dados de identificação, lote, procedência e rastreabilidade, responsável técnico, garantia, certificações (fabricado de acordo com padrões internacionais de qualidade, normas da ABNT) e registro na ANVISA.",Embalagem com 24 unidades,11/09/2026,Caio César Borges de Oliveira
4150658,FIO DENTAL 50M,"Características: fio dental confeccionado em filamento de resina termoplástica, encerado e aromatizado, com comprimento de 50 m.
Indicação: indicado para remoção do biofilme dental e de resíduos alimentares das superfícies interproximais dos dentes.
Apresentação: embalagem contendo 1 unidade com 50 m de fio dental, acondicionada em estojo plástico com dispositivo cortador metálico. Com dados de identificação, lote, procedência e rastreabilidade, responsável técnico, garantia, certificações (fabricado de acordo com padrões internacionais de qualidade, normas da ABNT) e registro na ANVISA.",Unidade,11/09/2026,Caio César Borges de Oliveira
4150661,FLUOR GEL ÁCIDO,"Características: gel à base de fluoreto fosfatado acidulado a 1,23%. Tixotrópico. Aplicação tópica em 1 minuto. 
 Indicação: prevenção de cáries e remineralização da estrutura dental.
 Apresentação: frasco plástico contendo 200 ml do produto. Rótulo com dados de identificação, lote, procedência e rastreabilidade, responsável técnico, garantia, certificações (fabricado de acordo com padrões internacionais de qualidade, normas da ABNT) e registro na ANVISA.",Unidade,11/09/2026,Caio César Borges de Oliveira
4150663,,,,,
4150547,FÓRCEPS INFANTIL Nº 1,"Fórceps infantil nº 1. Em aço inoxidável AISI 420. Autoclavável. Dimensões: c: 16 cm; l: 3,1 cm; a: 1,5 cm. Peso: 137 g. Forma: serrilhado no cabo que facilita o manuseio, as pontas deverão estar de acordo com os respectivos modelos descritos pelo padrão numérico do fórceps infantil. Indicado para exodontias de incisivos e caninos superiores decíduos. Apresentação: embalagem com 1 unidade, com informações de modelo, procedência, dados de identificação, garantia, validade, nº do lote de fabricação gravado no corpo da peça, o que permite a rastreabilidade, certificações (fabricado de acordo com padrões internacionais de qualidade, normas da ABNT) e registro na ANVISA.",Unidade,11/09/2026,Caio César Borges de Oliveira
4150549,FÓRCEPS INFANTIL Nº 18 D,"Fórceps infantil nº 18 D. Em aço inoxidável AISI 420. Autoclavável. Dimensões: c: 16 cm; l: 3,1 cm; a: 1,5 cm. Peso: 137 g. Forma: serrilhado no cabo que facilita o manuseio, as pontas deverão estar de acordo com os respectivos modelos descritos pelo padrão numérico do fórceps infantil. Indicado para exodontias de molares superiores decíduos de ambos os lados. Apresentação: embalagem com 1 unidade, com informações de modelo, procedência, dados de identificação, garantia, validade, nº do lote de fabricação gravado no corpo da peça, o que permite a rastreabilidade, certificações (fabricado de acordo com padrões internacionais de qualidade, normas da ABNT) e registro na ANVISA.",Unidade,11/09/2026,Caio César Borges de Oliveira
4150550,,,,,
4150551,,,,,
4150552,,,,,
4150554,FÓRCEPS INFANTIL Nº 44,"Fórceps infantil nº 44. Em aço inoxidável AISI 420. Autoclavável. Dimensões: c: 16 cm; l: 3,1 cm; a: 1,5 cm. Peso: 137 g. Forma: serrilhado no cabo que facilita o manuseio, as pontas deverão estar de acordo com os respectivos modelos descritos pelo padrão numérico do fórceps infantil. Indicado para exodontias de incisivos inferiores decíduos. Apresentação: embalagem com 1 unidade, com informações de modelo, procedência, dados de identificação, garantia, validade, nº do lote de fabricação gravado no corpo da peça, o que permite a rastreabilidade, certificações (fabricado de acordo com padrões internacionais de qualidade, normas da ABNT) e registro na ANVISA.",Unidade,11/09/2026,Caio César Borges de Oliveira
4150555,,,,,
4150557,FORCEPS INFANTIL Nº 6,"Fórceps infantil nº 6. Em aço inoxidável AISI 420. Autoclavável. Dimensões: c: 16 cm; l: 3,1 cm; a: 1,5 cm. Peso: 137 g. Forma: serrilhado no cabo que facilita o manuseio, as pontas deverão estar de acordo com os respectivos modelos descritos pelo padrão numérico do fórceps infantil. Indicado para exodontias de molares decíduos inferiores de ambos os lados. Apresentação: embalagem com 1 unidade, com informações de modelo, procedência, dados de identificação, garantia, validade, nº do lote de fabricação gravado no corpo da peça, o que permite a rastreabilidade, certificações (fabricado de acordo com padrões internacionais de qualidade, normas da ABNT) e registro na ANVISA.",Unidade,11/09/2026,Caio César Borges de Oliveira
4150558,,,,,
4150568,,,,,
4150522,,,,,
4150523,,,,,
4150525,,,,,
4150526,FÓRCEPS ADULTO Nº 150,"Fórceps adulto nº 150. Em aço inoxidável AISI 420. Autoclavável. Dimensões: c: 17,5 cm; l: 5,4 cm; a: 2 cm. Peso: 171 g. Forma: serrilhado no cabo que facilita o manuseio, as pontas deverão estar de acordo com os respectivos modelos descritos pelo padrão numérico do fórceps adulto. Indicado para exodontias de pré-molares, incisivos e raízes superiores. Apresentação: embalagem plástica com 1 unidade, com informações do modelo, constando os dados de identificação, procedência, validade, garantia, nº do lote de fabricação gravados no corpo da peça, o que permite a rastreabilidade, certificações (fabricado de acordo com padrões internacionais de qualidade, normas da ABNT) e registro na ANVISA.",Unidade,11/09/2026,Caio César Borges de Oliveira
4150527,FÓRCEPS ADULTO Nº 151,"Fórceps adulto nº 151. Em aço inoxidável AISI 420. Autoclavável. Dimensões: c: 17,5 cm; l: 5,4 cm; a: 2 cm. Peso: 171 g. Forma: serrilhado no cabo que facilita o manuseio, as pontas deverão estar de acordo com os respectivos modelos descritos pelo padrão numérico do fórceps adulto. Indicado para exodontias de pré-molares, incisivos e raízes inferiores. Apresentação: embalagem plástica com 1 unidade, com informações do modelo, constando os dados de identificação, procedência, validade, garantia, nº do lote de fabricação gravados no corpo da peça, o que permite a rastreabilidade, certificações (fabricado de acordo com padrões internacionais de qualidade, normas da ABNT) e registro na ANVISA.",Unidade,11/09/2026,Caio César Borges de Oliveira
4150529,,,,,
4150536,FÓRCEPS ADULTO Nº 17,"Fórceps adulto nº 17. Em aço inoxidável AISI 420. Autoclavável. Dimensões: c: 17,5 cm; l: 5,4 cm; a: 2 cm. Peso: 171 g. Forma: serrilhado no cabo que facilita o manuseio, as pontas deverão estar de acordo com os respectivos modelos descritos pelo padrão numérico do fórceps adulto. Indicado para exodontias de molares inferiores de ambos os lados. Apresentação: embalagem plástica com 1 unidade, com informações do modelo, constando os dados de identificação, procedência, validade, garantia, nº do lote de fabricação gravados no corpo da peça, o que permite a rastreabilidade, certificações (fabricado de acordo com padrões internacionais de qualidade, normas da ABNT) e registro na ANVISA.",Unidade,11/09/2026,Caio César Borges de Oliveira
4150537,FÓRCEPS ADULTO Nº 18 L,"Fórceps adulto nº 18 L. Em aço inoxidável AISI 420. Autoclavável. Dimensões: c: 17,5 cm; l: 5,4 cm; a: 2 cm. Peso: 171 g. Forma: serrilhado no cabo que facilita o manuseio, as pontas deverão estar de acordo com os respectivos modelos descritos pelo padrão numérico do fórceps adulto. Indicado para exodontias de molares superiores do lado esquerdo. Apresentação: embalagem plástica com 1 unidade, com informações do modelo, constando os dados de identificação, procedência, validade, garantia, nº do lote de fabricação gravados no corpo da peça, o que permite a rastreabilidade, certificações (fabricado de acordo com padrões internacionais de qualidade, normas da ABNT) e registro na ANVISA.",Unidade,11/09/2026,Caio César Borges de Oliveira
4150538,FÓRCEPS ADULTO Nº 18 R,"Fórceps adulto nº 18 R. Em aço inoxidável AISI 420. Autoclavável. Dimensões: c: 17,5 cm; l: 5,4 cm; a: 2 cm. Peso: 171 g. Forma: serrilhado no cabo que facilita o manuseio, as pontas deverão estar de acordo com os respectivos modelos descritos pelo padrão numérico do fórceps adulto. Indicado para exodontias de molares superiores do lado direito. Apresentação: embalagem plástica com 1 unidade, com informações do modelo, constando os dados de identificação, procedência, validade, garantia, nº do lote de fabricação gravados no corpo da peça, o que permite a rastreabilidade, certificações (fabricado de acordo com padrões internacionais de qualidade, normas da ABNT) e registro na ANVISA.",Unidade,11/09/2026,Caio César Borges de Oliveira
4150539,,,,,
4150540,,,,,
4150542,FÓRCEPS ADULTO Nº 65,"Fórceps adulto nº 65. Em aço inoxidável AISI 420. Autoclavável. Dimensões: c: 17,5 cm; l: 5,4 cm; a: 2 cm. Peso: 171 g. Forma: serrilhado no cabo que facilita o manuseio, as pontas deverão estar de acordo com os respectivos modelos descritos pelo padrão numérico do fórceps adulto. Indicado para exodontias de incisivos e caninos superiores. Apresentação: embalagem plástica com 1 unidade, com informações do modelo, constando os dados de identificação, procedência, validade, garantia, nº do lote de fabricação gravados no corpo da peça, o que permite a rastreabilidade, certificações (fabricado de acordo com padrões internacionais de qualidade, normas da ABNT) e registro na ANVISA.",Unidade,11/09/2026,Caio César Borges de Oliveira
4150544,,,,,
4150546,FÓRCEPS ADULTO Nº 69,"Fórceps adulto nº 69. Em aço inoxidável AISI 420. Autoclavável. Dimensões: c: 17,5 cm; l: 5,4 cm; a: 2 cm. Peso: 171 g. Forma: serrilhado no cabo que facilita o manuseio, as pontas deverão estar de acordo com os respectivos modelos descritos pelo padrão numérico do fórceps adulto. Indicado para exodontias de fragmentos e raízes pequenas superiores e inferiores. Apresentação: embalagem plástica com 1 unidade, com informações do modelo, constando os dados de identificação, procedência, validade, garantia, nº do lote de fabricação gravados no corpo da peça, o que permite a rastreabilidade, certificações (fabricado de acordo com padrões internacionais de qualidade, normas da ABNT) e registro na ANVISA.",Unidade,11/09/2026,Caio César Borges de Oliveira
4150666,FORMOCRESOL,"Características: solução composta por formaldeído, orto-cresol, glicerina e álcool etílico a 96%.
 Indicação: terapia pulpar em dentes decíduos e em alguns casos específicos de dentes permanente.
 Apresentação: frasco com tampa de rosca contendo 10 ml do produto. Rótulo com dados de identificação, lote, procedência e rastreabilidade, responsável técnico, garantia, certificações (fabricado de acordo com padrões internacionais de qualidade, normas da ABNT) e registro na ANVISA",Unidade,11/09/2026,Caio César Borges de Oliveira
4150668,GEL DENTAL COM FLÚOR SABOR FRUTAS,"Gel dental sabor frutas com teor de flúor de 1100 p.p.m. Composição mínima: Princípio ativo - Fluoreto de Sódio; Micropartículas abrasivas: Sílica Coloidal Hidratada; Espumante: Lauril Sulfato de Sódio; Espessante: Carmelose Sódica; Umectante: Sorbitol para manter a textura em gel. Embalagem primária: tubo plástico flexível contendo 50 g do produto. Embalagem secundária: caixa de papel. Validade superior a 18 meses no momento da entrega, com selo de aprovação da Associação Brasileira de Odontologia (ABO) e registro no Ministério da Saúde.",Unidade,11/09/2026,Caio César Borges de Oliveira
4150816,GENGIVÓTOMO DE ORBAN 1/2,"Gengivótomo de Orban 1/2, fabricado em aço inoxidável AISI 420. Possui 2 pontas ativas. Instrumento utilizado para remover tecido gengival nas regiões Inter proximais (gengivoplastia). Apresentação: embalagem blister à vácuo com 1 unidade, contendo informações do modelo, dados de identificação, procedência, validade, garantia, nº do lote de fabricação gravados no corpo da peça, o que permite a rastreabilidade, certificações (fabricado de acordo com padrões internacionais de qualidade, normas da ABNT) e registro na ANVISA.",Unidade,11/09/2026,Caio César Borges de Oliveira
4150817,GENGIVÓTOMO DE KIRKLAND 15/16,"Fabricado em aço inoxidável AISI 420. Autoclavável. Possui 2 pontas ativas. Instrumento utilizado para remover tecido gengival nas regiões Inter proximais (gengivoplastia). Apresentação: embalagem plástica com 1 unidade, contendo informações do modelo, dados de identificação, procedência, validade, garantia, nº do lote de fabricação gravado no corpo da peça, o que permite a rastreabilidade, certificações (fabricado de acordo com padrões internacionais de qualidade, normas da ABNT) e registro na ANVISA.",Unidade,11/09/2026,Caio César Borges de Oliveira
4151178,GODIVA DE BAIXA FUSÃO,"Características: material termoplástico de baixa fusão, composto por resina vegetal, óleo mineral, talco e óxido de ferro. Forma de bastões na cor verde.
 Indicação: confecção de selamento periférico em moldeiras para prótese total.
 Apresentação: caixa de papel contendo 15 unidades do produto, com dados de identificação, lote, procedência e rastreabilidade, responsável técnico, garantia, certificações (fabricado de acordo com padrões internacionais de qualidade, normas da ABNT) e registro na ANVISA.",Embalagem com 15 unidades,11/09/2026,Caio César Borges de Oliveira
4150818,CUBA DE BORRACHA (GRAL),Cuba de borracha para gesso/alginato. Confeccionada em PVC flexível. Capacidade: 500 ml. Produto indicado para facilitar a preparação de gesso e alginato. Apresentação: embalagem plástica contendo 1 unidade.,Unidade,11/09/2026,Caio César Borges de Oliveira
4150570,,,,,
4150575,,,,,
4150572,,,,,
4150573,,,,,
4150574,,,,,
4150578,GRAMPO Nº 201,"Grampo nº 201 para uso em isolamento absoluto com dique de borracha. Fabricado em aço inoxidável AISI 410. Autoclavável. Os grampos são dispositivos metálicos que se fixam e se ajustam ao colo dental, visando isolar o dente e o campo cirúrgico de tecidos moles como lábios, bochechas e língua, mantendo-os de forma limpa, seca e asséptica. Consistem em instrumentos auxiliares na técnica de isolamento absoluto, estabilizando o dique de borracha e possibilitando a realização dos procedimentos com maior segurança e precisão. Indicados na realização de restaurações, cimentações, como retentores do tecido gengival, além de serem bastante utilizados em endodontia. O grampo nº 201 é indicado para molares superiores. Apresentação: embalagem plástica contendo 1 unidade, com informações de modelo, constando dados de identificação, procedência, validade, garantia, nº do lote de fabricação e o nº indicativo do modelo gravados no corpo da peça, o que permite a rastreabilidade, certificações (fabricado de acordo com padrões internacionais de qualidade, normas da ABNT) e registro na ANVISA.",Unidade,11/09/2026,Caio César Borges de Oliveira
4150579,,,,,
4150581,,,,,
4150582,GRAMPO Nº 205,"Grampo nº 205 para uso em isolamento absoluto com dique de borracha. Fabricado em aço inoxidável AISI 410. Autoclavável. Os grampos são dispositivos metálicos que se fixam e se ajustam ao colo dental, visando isolar o dente e o campo cirúrgico de tecidos moles como lábios, bochechas e língua, mantendo-os de forma limpa, seca e asséptica. Consistem em instrumentos auxiliares na técnica de isolamento absoluto, estabilizando o dique de borracha e possibilitando a realização dos procedimentos com maior segurança e precisão. Indicados na realização de restaurações, cimentações, como retentores do tecido gengival, além de serem bastante utilizados em endodontia. O grampo nº 205 é indicado para molares superiores grandes. Apresentação: embalagem plástica contendo 1 unidade, com informações de modelo, constando dados de identificação, procedência, validade, garantia, nº do lote de fabricação e o nº indicativo do modelo gravados no corpo da peça, o que permite a rastreabilidade, certificações (fabricado de acordo com padrões internacionais de qualidade, normas da ABNT) e registro na ANVISA.",Unidade,11/09/2026,Caio César Borges de Oliveira
4150584,,,,,
4150585,,,,,
4150586,GRAMPO Nº 209,"Grampo nº 209 para uso em isolamento absoluto com dique de borracha. Fabricado em aço inoxidável AISI 410. Autoclavável. Os grampos são dispositivos metálicos que se fixam e se ajustam ao colo dental, visando isolar o dente e o campo cirúrgico de tecidos moles como lábios, bochechas e língua, mantendo-os de forma limpa, seca e asséptica. Consistem em instrumentos auxiliares na técnica de isolamento absoluto, estabilizando o dique de borracha e possibilitando a realização dos procedimentos com maior segurança e precisão. Indicados na realização de restaurações, cimentações, como retentores do tecido gengival, além de serem bastante utilizados em endodontia. O grampo nº 209 é indicado para pequenos pré-molares inferiores. Apresentação: embalagem plástica contendo 1 unidade, com informações de modelo, constando dados de identificação, procedência, validade, garantia, nº do lote de fabricação e o nº indicativo do modelo gravados no corpo da peça, o que permite a rastreabilidade. Certificações (fabricado de acordo com padrões internacionais de qualidade, normas da ABNT) e registro na ANVISA.",Unidade,11/09/2026,Caio César Borges de Oliveira
4150588,GRAMPO Nº 211,"Grampo nº 211 para uso em isolamento absoluto com dique de borracha. Fabricado em aço inoxidável AISI 410. Autoclavável. Os grampos são dispositivos metálicos que se fixam e se ajustam ao colo dental, visando isolar o dente e o campo cirúrgico de tecidos moles como lábios, bochechas e língua, mantendo-os de forma limpa, seca e asséptica. Consistem em instrumentos auxiliares na técnica de isolamento absoluto, estabilizando o dique de borracha e possibilitando a realização dos procedimentos com maior segurança e precisão. Indicados na realização de restaurações, cimentações, como retentores do tecido gengival, além de serem bastante utilizados em endodontia. O grampo nº 211 é indicado para dentes anteriores e pré-molares. Apresentação: embalagem plástica contendo 1 unidade, com informações de modelo, constando dados de identificação, procedência, validade, garantia, nº do lote de fabricação e o nº indicativo do modelo gravados no corpo da peça, o que permite a rastreabilidade. Certificações (fabricado de acordo com padrões internacionais de qualidade, normas da ABNT) e registro na ANVISA.",Unidade,11/09/2026,Caio César Borges de Oliveira
4150589,GRAMPO Nº 212,"Grampo nº 212 para uso em isolamento absoluto com dique de borracha. Fabricado em aço inoxidável AISI 410. Autoclavável. Os grampos são dispositivos metálicos que se fixam e se ajustam ao colo dental, visando isolar o dente e o campo cirúrgico de tecidos moles como lábios, bochechas e língua, mantendo-os de forma limpa, seca e asséptica. Consistem em instrumentos auxiliares na técnica de isolamento absoluto, estabilizando o dique de borracha e possibilitando a realização dos procedimentos com maior segurança e precisão. Indicados na realização de restaurações, cimentações, como retentores do tecido gengival, além de serem bastante utilizados em endodontia. O grampo nº 212 é indicado para caninos e incisivos superiores e inferiores. Apresentação: embalagem plástica contendo 1 unidade, com informações de modelo, constando dados de identificação, procedência, validade, garantia, nº do lote de fabricação e o nº indicativo do modelo gravados no corpo da peça, o que permite a rastreabilidade, certificações (fabricado de acordo com padrões internacionais de qualidade, normas da ABNT) e registro na ANVISA.",Unidade,11/09/2026,Caio César Borges de Oliveira
4150591,,,,,
4150594,GRAMPO Nº 27,"Grampo nº 27 para uso em isolamento absoluto com dique de borracha. Fabricado em aço inoxidável AISI 410. Autoclavável. Os grampos são dispositivos metálicos que se fixam e se ajustam ao colo dental, visando isolar o dente e o campo cirúrgico de tecidos moles como lábios, bochechas e língua, mantendo-os de forma limpa, seca e asséptica. Consistem em instrumentos auxiliares na técnica de isolamento absoluto, estabilizando o dique de borracha e possibilitando a realização dos procedimentos com maior segurança e precisão. Indicados na realização de restaurações, cimentações, como retentores do tecido gengival, além de serem bastante utilizados em endodontia. O grampo nº 27 é indicado para pré-molares superiores e inferiores. Apresentação: embalagem plástica contendo 1 unidade, com informações de modelo, constando dados de identificação, procedência, validade, garantia, nº do lote de fabricação e o nº indicativo do modelo gravados no corpo da peça, o que permite a rastreabilidade, certificações (fabricado de acordo com padrões internacionais de qualidade, normas da ABNT) e registro na ANVISA.",Unidade,11/09/2026,Caio César Borges de Oliveira
4150596,GRAMPO Nº W8A,"Grampo nº W8A para uso em isolamento absoluto com dique de borracha. Fabricado em aço inoxidável AISI 410. Autoclavável. Os grampos são dispositivos metálicos que se fixam e se ajustam ao colo dental, visando isolar o dente e o campo cirúrgico de tecidos moles como lábios, bochechas e língua, mantendo-os de forma limpa, seca e asséptica. Consistem em instrumentos auxiliares na técnica de isolamento absoluto, estabilizando o dique de borracha e possibilitando a realização dos procedimentos com maior segurança e precisão. Indicados na realização de restaurações, cimentações, como retentores do tecido gengival, além de serem bastante utilizados em endodontia. O grampo nº w 8a é indicado para molares e pequenos molares parcialmente erupcionados ou de forma irregular, e também para molares decíduos. Apresentação: embalagem plástica contendo 1 unidade, com informações de modelo, constando dados de identificação, procedência, validade, garantia, nº do lote de fabricação e o nº indicativo do modelo gravados no corpo da peça, o que permite a rastreabilidade, certificações (fabricado de acordo com padrões internacionais de qualidade, normas da ABNT) e registro na ANVISA.",Unidade,11/09/2026,Caio César Borges de Oliveira
4150576,,,,,
4150592,GRAMPO Nº 26,"Grampo nº 26 para uso em isolamento absoluto com dique de borracha. Fabricado em aço inoxidável AISI 410. Autoclavável. Os grampos são dispositivos metálicos que se fixam e se ajustam ao colo dental, visando isolar o dente e o campo cirúrgico de tecidos moles como lábios, bochechas e língua, mantendo-os de forma limpa, seca e asséptica. Consistem em instrumentos auxiliares na técnica de isolamento absoluto, estabilizando o dique de borracha e possibilitando a realização dos procedimentos com maior segurança e precisão. Indicados na realização de restaurações, cimentações, como retentores do tecido gengival, além de serem bastante utilizados em endodontia. O grampo nº 26 é indicado para molares. Apresentação: embalagem plástica contendo 1 unidade, com informações de modelo, constando dados de identificação, procedência, validade, garantia, nº do lote de fabricação e o nº indicativo do modelo gravados no corpo da peça, o que permite a rastreabilidade, certificações (fabricado de acordo com padrões internacionais de qualidade, normas da ABNT) e registro na ANVISA.",Unidade,11/09/2026,Caio César Borges de Oliveira
4150593,,,,,
4150670,GUARDANAPO DE PAPEL,"Características: produzido com 100% de fibras naturais. Não perecível. Folha dupla. Medidas: 33 x 33 cm. 
 Indicação: utilizado durante os procedimentos odontológicos.
 Apresentação: embalagem plástica contendo 50 unidades do produto, com dados de identificação, lote, procedência e rastreabilidade, responsável técnico, garantia, certificações (fabricado de acordo com padrões internacionais de qualidade, normas da ABNT) e registro na ANVISA.",Embalagem com 50 unidades,11/09/2026,Caio César Borges de Oliveira
4150671,,,,,
4150675,HIDROXIDO DE CÁLCIO PÓ,"Características: pó biocompatível composto por hidróxido de cálcio P.A. (99 a 100,5%). pH altamente alcalino (12,4). Ação antibacteriana.
 Indicação: utilizado como material curativo intracanal e como estimulador da formação de dentina reparadora. 
 Apresentação: embalagem primária: frasco plástico com tampa rosca contendo 10 g do produto. Embalagem secundária: caixa de papel com dados de identificação, lote, procedência e rastreabilidade, responsável técnico, garantia, certificações (fabricado de acordo com padrões internacionais de qualidade, normas da ABNT) e registro na ANVISA.",Frasco,11/09/2026,Caio César Borges de Oliveira
4150510,HOLLEMBACK Nº 3S,"Hollemback nº 3s. Em aço inoxidável AISI 420. Autoclavável. Utilizado em procedimentos de restaurações dentais, na aplicação e condensação de resina composta. Apresentação: embalagem com 1 unidade, com informações de modelo, procedência, dados de identificação, garantia, validade, nº do lote de fabricação gravado no corpo da peça, o que permite a rastreabilidade, certificações (fabricado de acordo com padrões internacionais de qualidade, normas da ABNT) e registro na ANVISA.",Unidade,11/09/2026,Caio César Borges de Oliveira
4150819,,,,,
4150614,,,,,
4150624,INSERTO PARA ULTRASSOM ORTUS BIOSCALER G1,"Ponta com secção semicircular com ponta fina e curva, indicada para remoção de cálculo supra gengival em dentes anteriores e coroa de molares. Possui rosca interna e autoclavável e operam em frequências entre 29 KHz e 33 KHz. Deve ser compatível com aparelho de ultrassom modelo Ortus Bioscaler, admitindo-se produto original ou equivalente, desde que apresente compatibilidade plena com o equipamento, mantendo seu desempenho, segurança e funcionalidade. Deve conter dados de identificação, lote, procedência, rastreabilidade, responsável técnico, garantia, certificações de qualidade conforme padrões internacionais e normas da ABNT, além do registro na ANVISA.",Unidade,11/09/2026,Caio César Borges de Oliveira
4150620,,,,,
4150627,INSERTO PARA ULTRASSOM ORTUS BIOSCALER G2,"Ponta com secção retangular, espessura reduzida e curva de curto alcance. Indicada para a remoção de grandes acúmulos de cálculo supra gengival nas faces livres. Requer potência mais alta. Possuem rosca interna e autoclavável e operam em frequências entre 29 KHz e 33 KHz. Deve ser compatível com aparelho de ultrassom modelo Ortus Bioscaler, admitindo-se produto original ou equivalente, desde que apresente compatibilidade plena com o equipamento, mantendo seu desempenho, segurança e funcionalidade. Deve conter dados de identificação, lote, procedência, rastreabilidade, responsável técnico, garantia, certificações de qualidade conforme padrões internacionais e normas da ABNT, além do registro na ANVISA.",Unidade,11/09/2026,Caio César Borges de Oliveira
4150628,INSERTO PARA ULTRASSOM ORTUS BIOSCALER G4,"Ponta com secção retangular, fina e estreita. Indicada para raspagem de pequenos cálculos supra e subgengivais em áreas interdentais e anteriores. Possui rosca interna, é autoclavável e opera em frequências entre 29 KHz e 33 KHz. Deve ser compatível com aparelho de ultrassom modelo Ortus Bioscaler, admitindo-se produto original ou equivalente, desde que apresente compatibilidade plena com o equipamento, mantendo seu desempenho, segurança e funcionalidade. Deve conter dados de identificação, lote, procedência, rastreabilidade, responsável técnico, garantia, certificações de qualidade conforme padrões internacionais e normas da ABNT, além do registro na ANVISA.",Unidade,11/09/2026,Caio César Borges de Oliveira
4150610,,,,,
4150608,,,,,
4150611,,,,,
4150612,,,,,
4150598,INSERTO PARA ULTRASSOM ALTSONIC JET CERAMIC N º 1,"Ponta universal para destartarização universal (supra gengival e áreas interproximais). A ponta opera por sistema piezoeléctrico, com frequência de 29 kHz a 32 kHz. Deve ser compatível com aparelho de ultrassom modelo Altsonic Jet Ceramic, admitindo-se produto original ou equivalente, desde que apresente compatibilidade plena com o equipamento, mantendo seu desempenho, segurança e funcionalidade. Fabricada em aço inoxidável especial, deve possuir acabamento polido e ser rosqueadas na caneta com a ajuda da chave de aperto. Autoclavável até 135°C.   Deve conter dados de identificação, lote, procedência, rastreabilidade, responsável técnico, garantia, certificações de qualidade conforme padrões internacionais e normas da ABNT, além do registro na ANVISA.",Unidade,11/09/2026,Caio César Borges de Oliveira
4150603,INSERTO PARA ULTRASSOM ALTSONIC JET CERAMIC N º 2,"Ponta universal para destartarização universal (supra gengival e áreas interproximais). A ponta opera por sistema piezoeléctrico, com frequência de 29 kHz a 32 kHz. Deve ser compatível com aparelho de ultrassom modelo Altsonic Jet Ceramic, admitindo-se produto original ou equivalente, desde que apresente compatibilidade plena com o equipamento, mantendo seu desempenho, segurança e funcionalidade. Fabricada em aço inoxidável especial, deve possuir acabamento polido e ser rosqueadas na caneta com a ajuda da chave de aperto. Autoclavável até 135°C. Deve conter dados de identificação, lote, procedência, rastreabilidade, responsável técnico, garantia, certificações de qualidade conforme padrões internacionais e normas da ABNT, além do registro na ANVISA.",Unidade,11/09/2026,Caio César Borges de Oliveira
4150604,INSERTO PARA ULTRASSOM ALTSONIC JET CERAMIC N º 3,"Ponta universal para destartarização universal (supra gengival e áreas interproximais). As pontas operam por sistema piezoeléctrico, com frequência de 29 kHz a 32 kHz. Deve ser compatível com aparelho de ultrassom modelo Altsonic Jet Ceramic, admitindo-se produto original ou equivalente, desde que apresente compatibilidade plena com o equipamento, mantendo seu desempenho, segurança e funcionalidade. Fabricadas em aço inoxidável especial, deve possuir acabamento polido e ser rosqueadas na caneta com a ajuda da chave de aperto. Autoclavável até 135°C. Deve conter dados de identificação, lote, procedência, rastreabilidade, responsável técnico, garantia, certificações de qualidade conforme padrões internacionais e normas da ABNT, além do registro na ANVISA..",Unidade,11/09/2026,Caio César Borges de Oliveira
4150630,INSERTO PARA ULTRASSOM PROFI NEO DA DABI ATLANTE TIP PERIO SUBGENGIVAL,"Ponta em aço inoxidável altamente resistente à oxidação, com rosca padronizada (ISO M3.5). Com vibração mecânica ultrassônica (24 a 30 KHz) para raspagem, remoção de cálculo dental e tratamentos periodontais. Com um pequeno orifício para a passagem de água, que resfria a ponta e lava a área de trabalho. Autoclavável até 135°C. Deve ser compatível com aparelho de ultrassom modelo Profi Neo da Dabi Atlante, admitindo-se produto original ou equivalente, desde que apresente compatibilidade plena com o equipamento, mantendo seu desempenho, segurança e funcionalidade. Deve conter dados de identificação, lote, procedência, rastreabilidade, responsável técnico, garantia, certificações de qualidade conforme padrões internacionais e normas da ABNT, além do registro na ANVISA.",Unidade,11/09/2026,Caio César Borges de Oliveira
4150632,,,,,
4150634,INSERTO PARA ULTRASSOM PROFI NEO DA DABI ATLANTE TIP PERIO SUPRA GENGIVAL,"Ponta em aço inoxidável altamente resistente à oxidação, com rosca padronizada (ISO M3.5). Com vibração mecânica ultrassônica (24 a 30 KHz) para raspagem, remoção de cálculo dental e tratamentos periodontais. Com um pequeno orifício para a passagem de água, que resfria a ponta e lava a área de trabalho. Autoclavável até 135°C. Deve ser compatível com aparelho de ultrassom modelo Profi Neo da Dabi Atlante, admitindo-se produto original ou equivalente, desde que apresente compatibilidade plena com o equipamento, mantendo seu desempenho, segurança e funcionalidade. Deve conter dados de identificação, lote, procedência, rastreabilidade, responsável técnico, garantia, certificações de qualidade conforme padrões internacionais e normas da ABNT, além do registro na ANVISA.",Unidade,11/09/2026,Caio César Borges de Oliveira
4150639,INSERTO PARA ULTRASSOM SCHUSTER JETLAX SONIC BPII LED T1,"Ponta universal usada para remoção de tártaro supra gengival (acima da gengiva) em todas as faces dos dentes. Com transdutor piezoeléctrico com frequência de 32.000 Hz. Com rosca interna, fabricado em aço inox e esterilizável a 135°C. Deve ser compatível com aparelho de ultrassom modelo Schuster Jetlax Sonic BPII Led, admitindo-se produto original ou equivalente, desde que apresente compatibilidade plena com o equipamento, mantendo seu desempenho, segurança e funcionalidade. Deve conter dados de identificação, lote, procedência, rastreabilidade, responsável técnico, garantia, certificações de qualidade conforme padrões internacionais e normas da ABNT, além do registro na ANVISA.",Unidade,11/09/2026,Caio César Borges de Oliveira
4150640,INSERTO PARA ULTRASSOM SCHUSTER JETLAX SONIC BPII LED T3,"Ponta com angulação fina, excelente para limpar áreas de difícil acesso e região interdental. Com transdutor piezoeléctrico com frequência de 32.000 Hz. Com rosca interna, fabricado em aço inox e esterilizável a 135°C. Deve ser compatível com aparelho de ultrassom modelo Schuster Jetlax Sonic BPII Led, admitindo-se produto original ou equivalente, desde que apresente compatibilidade plena com o equipamento, mantendo seu desempenho, segurança e funcionalidade. Deve conter dados de identificação, lote, procedência, rastreabilidade, responsável técnico, garantia, certificações de qualidade conforme padrões internacionais e normas da ABNT, além do registro na ANVISA.",Unidade,11/09/2026,Caio César Borges de Oliveira
4150642,INSERTO PARA ULTRASSOM SCHUSTER JETLAX SONIC BPII LED T4,"Ponta plana indicada para remover manchas residuais e biofilme não mineralizado. Com transdutor piezoeléctrico com frequência de 32.000 Hz. Com rosca interna, fabricado em aço inox e esterilizável a 135°C. Deve ser compatível com aparelho de ultrassom modelo Schuster Jetlax Sonic BPII Led, admitindo-se produto original ou equivalente, desde que apresente compatibilidade plena com o equipamento, mantendo seu desempenho, segurança e funcionalidade. Deve conter dados de identificação, lote, procedência, rastreabilidade, responsável técnico, garantia, certificações de qualidade conforme padrões internacionais e normas da ABNT, além do registro na ANVISA.",Unidade,11/09/2026,Caio César Borges de Oliveira
4150618,INSERTO PARA ULTRASSOM ECEL SONIC MAX PLUS N º 1,"Ponta universal supra gengival com ação piezoeléctrica, com rosca interna e frequência de 29 kHz a 32 kHz. Fabricado em aço inoxidável e autoclaváveis a 135°C. Deve ser compatível com aparelho de ultrassom modelo Ecel Sonic Max Plus, admitindo-se produto original ou equivalente, desde que apresente compatibilidade plena com o equipamento, mantendo seu desempenho, segurança e funcionalidade. Deve conter dados de identificação, lote, procedência, rastreabilidade, responsável técnico, garantia, certificações de qualidade conforme padrões internacionais e normas da ABNT, além do registro na ANVISA.",Unidade,11/09/2026,Caio César Borges de Oliveira
4150616,IONÔMERO DE VIDRO PÓ E LÍQUIDO,"Características: cimento de ativação química (autopolimerizável) que apresenta um alto controle de lesões de cárie através de sua capacidade de liberação e recarga de flúor. Composição do pó: fluorsilicato de sódio, cálcio e alumínio. Composição do líquido: ácido poliacrílico, ácido tartárico e água purificada. Cor: A2.
 Indicação: restaurações de dentes decíduos, restaurações provisórias de dentes permanentes, tratamento restaurador atraumático (ART) e forramento de cavidades. 
 Apresentação: embalagem primária: kit com 1 frasco de vidro com tampa rosca contendo 10 g de pó, 1 frasco plástico com tampa rosca contendo 8 g de líquido, 1 bloco de espatulação e 1 colher dosadora. Embalagem secundária: caixa de papel com dados de identificação, lote, procedência e rastreabilidade, responsável técnico, garantia, certificações (fabricado de acordo com padrões internacionais de qualidade, normas da ABNT) e registro na ANVISA.",Kit com 1 frasco de pó e 1 frasco de líquido,11/09/2026,Caio César Borges de Oliveira
4150644,KIT DE FANTOCHES,"Kit de fantoches de saúde bucal com 6 unidades: dentista, dente, escova, creme dental, fio dental e bactéria. Confeccionados em espuma de alta qualidade de 1,5 cm de espessura e tinta atóxica. Tamanho médio de 40 cm. Produto ideal para aulas de educação em saúde bucal. Apresentação: embalagem plástica contendo dados de identificação, procedência, validade, garantia, referências e certificação de segurança do INMETRO.",Kit,11/09/2026,Caio César Borges de Oliveira
4150645,KIT DE MACRO MODELOS ODONTOLÓGICOS,"Kit de macro modelos odontológicos de prevenção e educação em saúde bucal, com modelos de desenvolvimento de cárie e evolução de doenças periodontais. Contém: 1 macro modelo de arcadas dentárias superior e inferior, articulado, confeccionado em resina e metal flexível; 1 macro modelo com 3 macro dentes seccionados demonstrando o desenvolvimento da cárie dentária, confeccionado em PVC e resina plástica; 4 macro arcadas superiores seccionadas com gengiva destacável, demonstrando a evolução da doença periodontal, confeccionadas em resina e 1 macro escova medindo 35 cm confeccionada em plástico propileno e cerdas em nylon. Apresentação: acondicionados em maleta plástica com alça para transporte, constando os dados de identificação, procedência, validade, garantia, referências e certificação de segurança do INMETRO.",Kit,11/09/2026,Caio César Borges de Oliveira
4150647,,,,,
4150617,,,,,
4150679,LÂMINA BISTURI Nº 11,"Características: lâmina estéril descartável produzida em aço inoxidável. Medidas: 43 x 6,5 mm.
 Indicação: acoplada a um cabo de bisturi, é utilizada para corte de pele, tecidos e retirada de pontos em procedimentos cirúrgicos.
 Apresentação: embalagem primária: envelope de alumínio fechado por termo selagem. Embalagem secundária: caixa de papel contendo 100 envelopes, com dados de identificação, lote, procedência e rastreabilidade, responsável técnico, garantia, certificações (fabricado de acordo com padrões internacionais de qualidade, normas da ABNT) e registro na ANVISA.",Embalagem com 100 unidades,11/09/2026,Caio César Borges de Oliveira
4150682,LÂMINA DE BISTURI Nº 12,"Características: lâmina estéril descartável produzida em aço inoxidável. Medidas: 36 x 10 mm.
 Indicação: acoplada a um cabo de bisturi, é utilizada para corte de pele, tecidos e retirada de pontos em procedimentos cirúrgicos.
 Apresentação: embalagem primária: envelope de alumínio fechado por termo selagem. Embalagem secundária: caixa de papel contendo 100 envelopes, com dados de identificação, lote, procedência e rastreabilidade, responsável técnico, garantia, certificações (fabricado de acordo com padrões internacionais de qualidade, normas da ABNT) e registro na ANVISA.",Embalagem com 100 unidades,11/09/2026,Caio César Borges de Oliveira
4150684,LÂMINA BISTURI Nº 15,"Características: lâmina estéril descartável produzida em aço inoxidável. Medidas: 40 x 4 mm.
 Indicação: acoplada a um cabo de bisturi, é utilizada para corte de pele, tecidos e retirada de pontos em procedimentos cirúrgicos.
 Apresentação: embalagem primária: envelope de alumínio fechado por termo selagem. Embalagem secundária: caixa de papel contendo 100 envelopes, com dados de identificação, lote, procedência e rastreabilidade, responsável técnico, garantia, certificações (fabricado de acordo com padrões internacionais de qualidade, normas da ABNT) e registro na ANVISA.",Embalagem com 100 unidades,11/09/2026,Caio César Borges de Oliveira
4150820,LAMPARINA HANNAU (PRÓTESE),"Lamparina Hannau. Composição: frasco plástico com tampa rosca, também plástica, contendo no centro um mini maçarico em latão com bico direcionável. Capacidade: 100 ml. Indicação: utilizada em Prótese Dentária para plastificação de ceras na montagem e enceramento de dentes e na individualização de moldeiras. Apresentação: embalagem primária: plástico. Embalagem secundária: caixa de papel com uma unidade, contendo dados de identificação, validade, lote, procedência e rastreabilidade, responsável técnico, garantia, certificações (fabricado de acordo com padrões internacionais de qualidade, normas da ABNT) e registro na ANVISA.",Unidade,11/09/2026,Caio César Borges de Oliveira
4150821,LAMPARINA EM INOX,"Lamparina em aço inoxidável AISI 420. Capacidade de 40 ml, utilizada com álcool para aquecimento de instrumental na realização de corte de cones de percha em tratamentos endodônticos, além de plastificação de cera, placas e bastões de godiva. Apresentação: caixa de papel contendo 1 unidade, com informações de modelo, dados de identificação, procedência, validade, garantia, nº do lote de fabricação e o nº indicativo do modelo gravados no corpo da peça, o que permite a rastreabilidade. Certificações (fabricado de acordo com padrões internacionais de qualidade e normas da ABNT) e registro na ANVISA.",Unidade,11/09/2026,Caio César Borges de Oliveira
4150688,LÁPIS CÓPIA,"Características: lápis com corpo redondo em madeira e mina solúvel à base de água e anilina cor violeta. Possui traços permanentes (não apagáveis). Medidas: 18 x 1 x 1 cm.
 Indicação: facilitar a delimitação do rebordo do molde da prótese total.
 Apresentação: blister com 1 unidade, com rótulo indicando número de lote, procedência e rastreabilidade, responsável técnico, garantia, validade e data de fabricação.",Blister com 1 unidade,11/09/2026,Caio César Borges de Oliveira
4150691,LENÇOL DE BORRACHA,"Características: produzido em látex natural com baixo teor de poeira. De uso único, não estéril. Medidas: 13,5 x 13,5 cm. 
 Indicação: isolar o campo operatório de um ou mais dentes para toda a cavidade bucal durante os procedimentos odontológicos. 
 Apresentação: embalagem primária: envelope plástico individual selado. Embalagem secundária: caixa de papel contendo 26 envelopes, com dados de identificação, lote, procedência e rastreabilidade, responsável técnico, garantia, certificações (fabricado de acordo com padrões internacionais de qualidade, normas da ABNT) e registro na ANVISA.",Embalagem com 26 unidades,11/09/2026,Caio César Borges de Oliveira
4150822,LIMA SCHLUGER 9-10,"Lima de Schluger 9-10. Em aço inoxidável AISI 420. Comprimento 16 cm. Autoclavável. Instrumento cirúrgico não articulado não cortante. Utilizada na remoção de cálculos em diversas faces dos dentes, como também na remoção de tecido granulomatoso de bolsas supra ósseas e infra ósseas. Utilizada também na regularização do tecido ósseo alveolar nas faces interproximais e demais raspagens ósseas periodontias. Apresentação: embalagem com 1 unidade, com informações do modelo, constando os dados de identificação, procedência, validade, garantia, nº do lote de fabricação gravado no corpo da peça, o que permite a rastreabilidade, certificações (fabricado de acordo com padrões internacionais de qualidade, normas da ABNT) e registro na ANVISA.",Unidade,11/09/2026,Caio César Borges de Oliveira
4150927,,,,,
4150924,,,,,
4150925,LIMA RECIPROCANTE PRIMARY 21MM,"Características: lima de movimento reciprocante produzida em níquel-titânio M-Wire, com tratamento térmico, eletro-polida, usinada, com secção transversal em paralelogramo e conicidades múltiplas na mesma lima. Estéril. Autoclavável.
 Indicação: preparo de canais radiculares e remoção de guta percha em retratamentos.
 Apresentação: blister contendo 3 unidades, com dados de identificação, lote, procedência e rastreabilidade, responsável técnico, garantia, certificações (fabricado de acordo com padrões internacionais de qualidade, normas da ABNT) e registro na ANVISA.",Blister com 3 unidades,11/09/2026,Caio César Borges de Oliveira
4150926,LIMA RECIPROCANTE PRIMARY 25MM,"Características: lima de movimento reciprocante produzida em níquel-titânio M-Wire, com tratamento térmico, eletro-polida, usinada, com secção transversal em paralelogramo e conicidades múltiplas na mesma lima. Estéril. Autoclavável.
 Indicação: preparo de canais radiculares e remoção de guta percha em retratamentos.
 Apresentação: blister contendo 3 unidades, com dados de identificação, lote, procedência e rastreabilidade, responsável técnico, garantia, certificações (fabricado de acordo com padrões internacionais de qualidade, normas da ABNT) e registro na ANVISA.",Blister com 3 unidades,11/09/2026,Caio César Borges de Oliveira
4150921,LIMA RECIPROCANTE MEDIUM 21MM,"Características: lima de movimento reciprocante produzida em níquel-titânio M-Wire, com tratamento térmico, eletro-polida, usinada, com secção transversal em paralelogramo e conicidades múltiplas na mesma lima. Estéril. Autoclavável.
 Indicação: preparo de canais radiculares e remoção de guta percha em retratamentos.
 Apresentação: blister contendo 3 unidades, com dados de identificação, lote, procedência e rastreabilidade, responsável técnico, garantia, certificações (fabricado de acordo com padrões internacionais de qualidade, normas da ABNT) e registro na ANVISA.",Blister com 3 unidades,11/09/2026,Caio César Borges de Oliveira
4150922,LIMA RECIPROCANTE MEDIUM 25MM,"Características: lima de movimento reciprocante produzida em níquel-titânio M-Wire, com tratamento térmico, eletro-polida, usinada, com secção transversal em paralelogramo e conicidades múltiplas na mesma lima. Estéril. Autoclavável.
 Indicação: preparo de canais radiculares e remoção de guta percha em retratamentos.
 Apresentação: blister contendo 3 unidades, com dados de identificação, lote, procedência e rastreabilidade, responsável técnico, garantia, certificações (fabricado de acordo com padrões internacionais de qualidade, normas da ABNT) e registro na ANVISA.",Blister com 3 unidades,11/09/2026,Caio César Borges de Oliveira
4150923,LIMA RECIPROCANTE MEDIUM 31MM,"Características: lima de movimento reciprocante produzida em níquel-titânio M-Wire, com tratamento térmico, eletro-polida, usinada, com secção transversal em paralelogramo e conicidades múltiplas na mesma lima. Estéril. Autoclavável.
 Indicação: preparo de canais radiculares e remoção de guta percha em retratamentos endodônticos.
 Apresentação: blister contendo 3 unidades, com dados de identificação, lote, procedência e rastreabilidade, responsável técnico, garantia, certificações (fabricado de acordo com padrões internacionais de qualidade, normas da ABNT) e registro na ANVISA.",Blister com 3 unidades,11/09/2026,Caio César Borges de Oliveira
4150928,LIMA K FILE Nº 15/40 25MM,"Características: Lima manual 1ª série. Fabricada em aço inoxidável austenítico DIN 1.4310, eletro-polidas, pertencente à classificação AISI 302 com aproximadamente 17% de Cromo e 8% de Níquel, confeccionada por torção. Cabo confeccionado em material plástico, do tipo Poliamida, de especificação PA 6.6. Orifício de segurança no cabo de plástico. Disposição individual de fácil destaque. Blister estéril embalado individualmente. Seriação ISO nos números 06 a 140, com secção transversal quadrangular até o número 40. Ponta inativa. Com stops de silicone. Validade: 5 anos. Indicação: utilizada para o preparo químico-cirúrgico dos canais radiculares. Apresentação: blister contendo 6 unidades sortidas, com dados de identificação, lote, procedência e rastreabilidade, responsável técnico, garantia, certificações (fabricado de acordo com padrões internacionais de qualidade, normas da ABNT) e registro na ANVISA.",Embalagem com 6 unidades,11/09/2026,Caio César Borges de Oliveira
4150929,LIMA K FILE Nº 15/40 31MM,"Características: Lima manual 1ª série. Fabricada em aço inoxidável austenítico DIN 1.4310, eletro-polidas, pertencente à classificação AISI 302 com aproximadamente 17% de Cromo e 8% de Níquel, confeccionada por torção. Cabo confeccionado em material plástico, do tipo Poliamida, de especificação PA 6.6. Orifício de segurança no cabo de plástico. Disposição individual de fácil destaque. Blister estéril embalado individualmente. Seriação ISO nos números 06 a 140, com secção transversal quadrangular até o número 40. Ponta inativa. Com stops de silicone. Validade: 5 anos. Indicação: utilizada para o preparo químico-cirúrgico dos canais radiculares. Apresentação: blister contendo 6 unidades sortidas, com dados de identificação, lote, procedência e rastreabilidade, responsável técnico, garantia, certificações (fabricado de acordo com padrões internacionais de qualidade, normas da ABNT) e registro na ANVISA.",Embalagem com 6 unidades,11/09/2026,Caio César Borges de Oliveira
4150937,LIMA FLEXOFILE Nº 15 21MM,"Características: lima endodôntica manual de secção transversal triangular. Fabricada em aço inoxidável. Com código de cores e alça. Apresenta alta resistência à flexão. Possui marca de comprimento na pega e anéis de calibração visíveis nas radiografias, com ponta piloto inativa. Autoclavável.
 Indicação: utilizada para o preparo químico-cirúrgico dos canais radiculares.
 Apresentação: blister contendo 6 unidades, com dados de identificação, lote, procedência e rastreabilidade, responsável técnico, garantia, certificações (fabricado de acordo com padrões internacionais de qualidade, normas da ABNT) e registro na ANVISA.",Blister com 6 unidades,11/09/2026,Caio César Borges de Oliveira
4150920,LIMA FLEXOFILE Nº 20 21MM,"Características: lima endodôntica manual de secção transversal triangular. Fabricada em aço inoxidável. Com código de cores e alça. Apresenta alta resistência à flexão. Possui marca de comprimento na pega e anéis de calibração visíveis nas radiografias, com ponta piloto inativa. Autoclavável.
 Indicação: utilizada para o preparo químico-cirúrgico dos canais radiculares.
 Apresentação: blister contendo 6 unidades, com dados de identificação, lote, procedência e rastreabilidade, responsável técnico, garantia, certificações (fabricado de acordo com padrões internacionais de qualidade, normas da ABNT) e registro na ANVISA.",Blister com 6 unidades,11/09/2026,Caio César Borges de Oliveira
4150932,,,,,
4150930,,,,,
4150931,,,,,
4150933,,,,,
4150934,,,,,
4150935,LIMA K FILE Nº 45/80 25MM,"Características: Lima manual 2ª série. Fabricada em aço inoxidável austenítico DIN 1.4310, eletro-polidas, pertencente à classificação AISI 302 com aproximadamente 17% de Cromo e 8% de Níquel, confeccionada por torção. Cabo confeccionado em material plástico, do tipo Poliamida, de especificação PA 6.6. Orifício de segurança no cabo de plástico. Disposição individual de fácil destaque. Blister estéril embalado individualmente. Seriação ISO nos números 06 a 140. Secção transversal em forma triangular do tamanho 45 em diante. Ponta inativa. Com stops de silicone. Validade: 5 anos. 
 Indicação: utilizada para o preparo químico-cirúrgico dos canais radiculares. 
 Apresentação: blister contendo 6 unidades sortidas, com dados de identificação, lote, procedência e rastreabilidade, responsável técnico, garantia, certificações (fabricado de acordo com padrões internacionais de qualidade, normas da ABNT) e registro na ANVISA.",Embalagem com 6 unidades,11/09/2026,Caio César Borges de Oliveira
4150936,LIMA K FILE Nº 45/80 31MM,"Características: Lima manual 2ª série. Fabricada em aço inoxidável austenítico DIN 1.4310, eletro-polidas, pertencente à classificação AISI 302 com aproximadamente 17% de Cromo e 8% de Níquel, confeccionada por torção. Cabo confeccionado em material plástico, do tipo Poliamida, de especificação PA 6.6. Orifício de segurança no cabo de plástico. Disposição individual de fácil destaque. Blister estéril embalado individualmente. Seriação ISO nos números 06 a 140. Secção transversal em forma triangular do tamanho 45 em diante. Ponta inativa. Com stops de silicone. Validade: 5 anos. 
 Indicação: utilizada para o preparo químico-cirúrgico dos canais radiculares. 
 Apresentação: blister contendo 6 unidades sortidas, com dados de identificação, lote, procedência e rastreabilidade, responsável técnico, garantia, certificações (fabricado de acordo com padrões internacionais de qualidade, normas da ABNT) e registro na ANVISA.",Embalagem com 6 unidades,11/09/2026,Caio César Borges de Oliveira
4150938,LIMA K FILE Nº 45/80 21MM,"Características: Lima manual 2ª série. Fabricada em aço inoxidável austenítico DIN 1.4310, eletro-polidas, pertencente à classificação AISI 302 com aproximadamente 17% de Cromo e 8% de Níquel, confeccionada por torção. Cabo confeccionado em material plástico, do tipo Poliamida, de especificação PA 6.6. Orifício de segurança no cabo de plástico. Disposição individual de fácil destaque. Blister estéril embalado individualmente. Seriação ISO nos números 06 a 140. Secção transversal em forma triangular do tamanho 45 em diante. Ponta inativa. Com stops de silicone. Validade: 5 anos. Indicação: utilizada para o preparo químico-cirúrgico dos canais radiculares. Apresentação: blister contendo 6 unidades sortidas, com dados de identificação, lote, procedência e rastreabilidade, responsável técnico, garantia, certificações (fabricado de acordo com padrões internacionais de qualidade, normas da ABNT) e registro na ANVISA.",Embalagem com 6 unidades,11/09/2026,Caio César Borges de Oliveira
4150953,LIMA K FILE Nº 06 21MM,"Lima manual tipo K File nº 06, comprimento de 21 mm, série especial. Fabricada em aço inoxidável austenítico DIN 1.4310, eletropolida, pertencente à classificação AISI 302, contendo aproximadamente 17% de cromo e 8% de níquel. Confeccionada por torção. Cabo fabricado em poliamida (PA 6.6), com orifício de segurança. Parte ativa de 16 mm e conicidade (taper) .02. Secção transversal quadrangular até o calibre 40. Apresenta elevado poder de corte, resistência e flexibilidade. Ponta inativa (não cortante). Disposta individualmente em sistema de fácil destaque. Produto estéril, acondicionado individualmente em blister estéril. Validade: 5 anos. Apresentação: embalagem contendo 6 unidades do mesmo calibre, com identificação do fabricante, lote, procedência, rastreabilidade, responsável técnico, registro na ANVISA e demais informações exigidas pela legislação sanitária vigente.",Embalagem com 6 unidades,11/09/2026,Caio César Borges de Oliveira
4150954,LIMA K FILE Nº 06 25MM,"Lima manual tipo K File nº 06, comprimento de 25 mm, série especial. Fabricada em aço inoxidável austenítico DIN 1.4310, eletropolida, pertencente à classificação AISI 302, contendo aproximadamente 17% de cromo e 8% de níquel. Confeccionada por torção. Cabo fabricado em poliamida (PA 6.6), com orifício de segurança. Parte ativa de 16 mm e conicidade (taper) .02. Secção transversal quadrangular até o calibre 40. Apresenta elevado poder de corte, resistência e flexibilidade. Ponta inativa (não cortante). Disposta individualmente em sistema de fácil destaque. Produto estéril, acondicionado individualmente em blister estéril. Validade: 5 anos. Apresentação: embalagem contendo 6 unidades do mesmo calibre, com identificação do fabricante, lote, procedência, rastreabilidade, responsável técnico, registro na ANVISA e demais informações exigidas pela legislação sanitária vigente.",Embalagem com 6 unidades,11/09/2026,Caio César Borges de Oliveira
4150943,LIMA K FILE Nº 06 31MM,"Lima manual tipo K File nº 06, comprimento de 31 mm, série especial. Fabricada em aço inoxidável austenítico DIN 1.4310, eletropolida, pertencente à classificação AISI 302, contendo aproximadamente 17% de cromo e 8% de níquel. Confeccionada por torção. Cabo fabricado em poliamida (PA 6.6), com orifício de segurança. Parte ativa de 16 mm e conicidade (taper) .02. Secção transversal quadrangular até o calibre 40. Apresenta elevado poder de corte, resistência e flexibilidade. Ponta inativa (não cortante). Disposta individualmente em sistema de fácil destaque. Produto estéril, acondicionado individualmente em blister estéril. Validade: 5 anos. Apresentação: embalagem contendo 6 unidades do mesmo calibre, com identificação do fabricante, lote, procedência, rastreabilidade, responsável técnico, registro na ANVISA e demais informações exigidas pela legislação sanitária vigente.",Embalagem com 6 unidades,11/09/2026,Caio César Borges de Oliveira
4150955,LIMA K FILE Nº 08 21MM,"Lima manual tipo K File nº 08, comprimento de 21 mm, série especial. Fabricada em aço inoxidável austenítico DIN 1.4310, eletropolida, pertencente à classificação AISI 302, contendo aproximadamente 17% de cromo e 8% de níquel. Confeccionada por torção. Cabo fabricado em poliamida (PA 6.6), com orifício de segurança. Parte ativa de 16 mm e conicidade (taper) .02. Secção transversal quadrangular até o calibre 40. Apresenta elevado poder de corte, resistência e flexibilidade. Ponta inativa (não cortante). Disposta individualmente em sistema de fácil destaque. Produto estéril, acondicionado individualmente em blister estéril. Validade: 5 anos. Apresentação: embalagem contendo 6 unidades do mesmo calibre, com identificação do fabricante, lote, procedência, rastreabilidade, responsável técnico, registro na ANVISA e demais informações exigidas pela legislação sanitária vigente.",Embalagem com 6 unidades,11/09/2026,Caio César Borges de Oliveira
4150941,LIMA K FILE Nº 08 25MM,"Lima manual tipo K File nº 08, comprimento de 25 mm, série especial. Fabricada em aço inoxidável austenítico DIN 1.4310, eletropolida, pertencente à classificação AISI 302, contendo aproximadamente 17% de cromo e 8% de níquel. Confeccionada por torção. Cabo fabricado em poliamida (PA 6.6), com orifício de segurança. Parte ativa de 16 mm e conicidade (taper) .02. Secção transversal quadrangular até o calibre 40. Apresenta elevado poder de corte, resistência e flexibilidade. Ponta inativa (não cortante). Disposta individualmente em sistema de fácil destaque. Produto estéril, acondicionado individualmente em blister estéril. Validade: 5 anos. Apresentação: embalagem contendo 6 unidades do mesmo calibre, com identificação do fabricante, lote, procedência, rastreabilidade, responsável técnico, registro na ANVISA e demais informações exigidas pela legislação sanitária vigente.",Embalagem com 6 unidades,11/09/2026,Caio César Borges de Oliveira
4150944,LIMA K FILE Nº 08 31MM,"Lima manual tipo K File nº 08, comprimento de 31 mm, série especial. Fabricada em aço inoxidável austenítico DIN 1.4310, eletropolida, pertencente à classificação AISI 302, contendo aproximadamente 17% de cromo e 8% de níquel. Confeccionada por torção. Cabo fabricado em poliamida (PA 6.6), com orifício de segurança. Parte ativa de 16 mm e conicidade (taper) .02. Secção transversal quadrangular até o calibre 40. Apresenta elevado poder de corte, resistência e flexibilidade. Ponta inativa (não cortante). Disposta individualmente em sistema de fácil destaque. Produto estéril, acondicionado individualmente em blister estéril. Validade: 5 anos. Apresentação: embalagem contendo 6 unidades do mesmo calibre, com identificação do fabricante, lote, procedência, rastreabilidade, responsável técnico, registro na ANVISA e demais informações exigidas pela legislação sanitária vigente.",Embalagem com 6 unidades,11/09/2026,Caio César Borges de Oliveira
4150729,LIMA K FILE Nº 10 21MM,"Lima manual tipo K File nº 10, comprimento de 21 mm, série especial. Fabricada em aço inoxidável austenítico DIN 1.4310, eletropolida, pertencente à classificação AISI 302, contendo aproximadamente 17% de cromo e 8% de níquel. Confeccionada por torção. Cabo fabricado em poliamida (PA 6.6), com orifício de segurança. Parte ativa de 16 mm e conicidade (taper) .02. Secção transversal quadrangular até o calibre 40. Apresenta elevado poder de corte, resistência e flexibilidade. Ponta inativa (não cortante). Disposta individualmente em sistema de fácil destaque. Produto estéril, acondicionado individualmente em blister estéril. Validade: 5 anos. Apresentação: embalagem contendo 6 unidades do mesmo calibre, com identificação do fabricante, lote, procedência, rastreabilidade, responsável técnico, registro na ANVISA e demais informações exigidas pela legislação sanitária vigente.",Embalagem com 6 unidades,11/09/2026,Caio César Borges de Oliveira
4150945,LIMA K FILE Nº 10 25MM,"Lima manual tipo K File nº 10, comprimento de 25 mm, série especial. Fabricada em aço inoxidável austenítico DIN 1.4310, eletropolida, pertencente à classificação AISI 302, contendo aproximadamente 17% de cromo e 8% de níquel. Confeccionada por torção. Cabo fabricado em poliamida (PA 6.6), com orifício de segurança. Parte ativa de 16 mm e conicidade (taper) .02. Secção transversal quadrangular até o calibre 40. Apresenta elevado poder de corte, resistência e flexibilidade. Ponta inativa (não cortante). Disposta individualmente em sistema de fácil destaque. Produto estéril, acondicionado individualmente em blister estéril. Validade: 5 anos. Apresentação: embalagem contendo 6 unidades do mesmo calibre, com identificação do fabricante, lote, procedência, rastreabilidade, responsável técnico, registro na ANVISA e demais informações exigidas pela legislação sanitária vigente.",Embalagem com 6 unidades,11/09/2026,Caio César Borges de Oliveira
4150946,LIMA K FILE Nº 10 31MM,"Lima manual tipo K File nº 10, comprimento de 31 mm, série especial. Fabricada em aço inoxidável austenítico DIN 1.4310, eletropolida, pertencente à classificação AISI 302, contendo aproximadamente 17% de cromo e 8% de níquel. Confeccionada por torção. Cabo fabricado em poliamida (PA 6.6), com orifício de segurança. Parte ativa de 16 mm e conicidade (taper) .02. Secção transversal quadrangular até o calibre 40. Apresenta elevado poder de corte, resistência e flexibilidade. Ponta inativa (não cortante). Disposta individualmente em sistema de fácil destaque. Produto estéril, acondicionado individualmente em blister estéril. Validade: 5 anos. Apresentação: embalagem contendo 6 unidades do mesmo calibre, com identificação do fabricante, lote, procedência, rastreabilidade, responsável técnico, registro na ANVISA e demais informações exigidas pela legislação sanitária vigente.",Embalagem com 6 unidades,11/09/2026,Caio César Borges de Oliveira
4150947,,,,,
4150948,,,,,
4150949,,,,,
4150950,,,,,
4150951,,,,,
4150952,,,,,
4150939,LIMA K FILE Nº 90/140 25MM,"Características: Lima manual tipo K File, 3ª série, calibres ISO 90, 100, 110, 120, 130 e 140, comprimento de 25 mm. Fabricada em aço inoxidável austenítico DIN 1.4310, eletropolida, pertencente à classificação AISI 302, contendo aproximadamente 17% de cromo e 8% de níquel. Confeccionada por torção. Cabo fabricado em material plástico do tipo poliamida (PA 6.6), com orifício de segurança. Parte ativa de 16 mm e conicidade (taper) .02. Apresenta elevado poder de corte, resistência e flexibilidade para instrumentação dos canais radiculares. Ponta inativa (não cortante). Disposição individual de fácil destaque. Produto estéril, acondicionado individualmente em blister estéril. Validade mínima de 5 anos. Indicação: utilizada para o preparo químico-cirúrgico dos canais radiculares. Apresentação: blister contendo 6 unidades, sendo uma unidade de cada calibre da 3ª série (ISO 90, 100, 110, 120, 130 e 140), com dados de identificação, lote, procedência e rastreabilidade, responsável técnico, garantia, certificações de qualidade e registro na ANVISA.",Blister com 6 unidades sortidas,11/09/2026,Caio César Borges de Oliveira
4150959,,,,,
4150648,,,,,
4150956,,,,,
4150957,,,,,
4150958,,,,,
4150960,LIMA RECIPROCANTE LARGE 21MM,"Características: lima de movimento reciprocante produzida em níquel-titânio M-Wire, com tratamento térmico, eletro-polida, usinada, com secção transversal em paralelogramo e conicidades múltiplas na mesma lima. Estéril. Autoclavável.
 Indicação: preparo de canais radiculares e remoção de guta percha em retratamentos.
 Apresentação: blister contendo 3 unidades, com dados de identificação, lote, procedência e rastreabilidade, responsável técnico, garantia, certificações (fabricado de acordo com padrões internacionais de qualidade, normas da ABNT) e registro na ANVISA.",Blister com 3 unidades,11/09/2026,Caio César Borges de Oliveira
4150961,LIMA RECIPROCANTE LARGE 31MM,"Características: lima de movimento reciprocante produzida em níquel-titânio M-Wire, com tratamento térmico, eletro-polida, usinada, com secção transversal em paralelogramo e conicidades múltiplas na mesma lima. Estéril. Autoclavável.
 Indicação: preparo de canais radiculares e remoção de guta percha em retratamentos.
 Apresentação: blister contendo 3 unidades, com dados de identificação, lote, procedência e rastreabilidade, responsável técnico, garantia, certificações (fabricado de acordo com padrões internacionais de qualidade, normas da ABNT) e registro na ANVISA.",Blister com 3 unidades,11/09/2026,Caio César Borges de Oliveira
4150962,LIMA RECIPROCANTE PRIMARY 31MM,"Características: lima de movimento reciprocante produzida em níquel-titânio M-Wire, com tratamento térmico, eletro-polida, usinada, com secção transversal em paralelogramo e conicidades múltiplas na mesma lima. Estéril. Autoclavável.
 Indicação: preparo de canais radiculares e remoção de guta percha em retratamentos.
 Apresentação: blister contendo 3 unidades, com dados de identificação, lote, procedência e rastreabilidade, responsável técnico, garantia, certificações (fabricado de acordo com padrões internacionais de qualidade, normas da ABNT) e registro na ANVISA",Blister com 3 unidades,11/09/2026,Caio César Borges de Oliveira
4150963,LIMA RECIPROCANTE SMALL 21MM,"Características: lima de movimento reciprocante produzida em níquel-titânio M-Wire, com tratamento térmico, eletro-polida, usinada, com secção transversal em paralelogramo e conicidades múltiplas na mesma lima. Estéril. Autoclavável.
 Indicação: preparo de canais radiculares e remoção de guta percha em retratamentos.
 Apresentação: blister contendo 3 unidades, com dados de identificação, lote, procedência e rastreabilidade, responsável técnico, garantia, certificações (fabricado de acordo com padrões internacionais de qualidade, normas da ABNT) e registro na ANVISA",Blister com 3 unidades,11/09/2026,Caio César Borges de Oliveira
4150964,LIMA RECIPROCANTE SMALL 31MM,"Características: lima de movimento reciprocante produzida em níquel-titânio M-Wire, com tratamento térmico, eletro-polida, usinada, com secção transversal em paralelogramo e conicidades múltiplas na mesma lima. Estéril. Autoclavável.
 Indicação: preparo de canais radiculares e remoção de guta percha em retratamentos.
 Apresentação: blister contendo 3 unidades, com dados de identificação, lote, procedência e rastreabilidade, responsável técnico, garantia, certificações (fabricado de acordo com padrões internacionais de qualidade, normas da ABNT) e registro na ANVISA",Blister com 3 unidades,11/09/2026,Caio César Borges de Oliveira
4150969,,,,,
4150965,,,,,
4150972,,,,,
4150973,,,,,
4150974,,,,,
4150975,,,,,
4150966,,,,,
4150967,LIMA SX,"Características: lima endodôntica rotatória eletropolida e usinada, produzida em liga de níquel titânio (55% de níquel e 45% de titânio). Possui secção transversal triangular centralizada. 19 mm de comprimento. Autoclavável.
 Indicação: pré alargamento do 1/3 cervical dos canais radiculares. Apresentação: caixa plástica contendo 6 unidades. Contendo dados de identificação, lote, procedência e rastreabilidade, responsável técnico, garantia, certificações (fabricado de acordo com padrões internacionais de qualidade, normas da ABNT) e registro na ANVISA.",Embalagem com 6 unidades,11/09/2026,Caio César Borges de Oliveira
4150971,,,,,
4151048,,,,,
4151049,LIXA PARA MADEIRA Nº 220,"Características: lixa manual com costado em papel impermeável e grão de óxido de alumínio (220). Medidas: 225 x 275 mm.
  Indicação: lixar gesso nos modelos de Prótese.
 Apresentação: folhas individuais com dados de identificação e validade no verso da lixa.",Unidade,11/09/2026,Caio César Borges de Oliveira
4150731,MANDRIL PARA CONTRA ÂNGULO,"Características: mandril para contra ângulo produzido em latão banhado em cromo. Diâmetro da haste: 2,6 mm. Autoclavável.
 Indicação: adaptação de discos de lixa de 16 mm para acabamento e polimento de restaurações de resina composta fotopolimerizável.
 Apresentação: blister com 1 unidade, com dados de identificação, lote, procedência e rastreabilidade, garantia, validade, responsável técnico, certificações (fabricado de acordo com padrões internacionais de qualidade, normas da ABNT) e registro na ANVISA.",Unidade,11/09/2026,Caio César Borges de Oliveira
4150968,,,,,
4151050,,,,,
4151051,,,,,
4151052,,,,,
4151053,,,,,
4151054,,,,,
4151055,,,,,
4151056,,,,,
4150734,MATRIZ DE AÇO 5 MM,"Características: matriz de aço inoxidável maleável. Superfície lisa e polida. Descartável. Utilizada em porta matriz Ivory. Medidas: 05 x 0,05 x 500 mm.
 Indicação: em reconstruções de dentes posteriores.
 Características: embalagem plástica contendo 1 rolo de 50 cm do produto, com dados de identificação, lote, procedência e rastreabilidade, garantia, validade, responsável técnico, certificações (fabricado de acordo com padrões internacionais de qualidade, normas da ABNT) e registro na ANVISA.",Unidade,11/09/2026,Caio César Borges de Oliveira
4150737,,,,,
4150738,MATRIZ DE AÇO TOFFLEMIRE,"Características: tiras pré cortadas prontas para uso. Fabricadas em aço inox. Espessura: 0,05 mm. Utilizadas em porta matriz Tofflemeri.
 Indicação: promover o contorno proximal nas restaurações Cl II em resina composta fotopolimerizável.
 Apresentação: embalagem plástica contendo 12 unidades, rótulo com dados de identificação, lote, procedência e rastreabilidade, garantia, validade, responsável técnico, certificações (fabricado de acordo com padrões internacionais de qualidade, normas da ABNT) e registro na ANVISA.",Embalagem com 12 unidades,11/09/2026,Caio César Borges de Oliveira
4150823,,,,,
4150824,CINZEL MICRO OCHSENBEIN Nº 1,"Cinzel micro Ochsenbein nº 1. Fabricado em aço inoxidável de alta qualidade. Autoclavável. Possui dupla angulação para facilitar seu uso em região posterior e 2 pontas ativas retas em forma de triângulo utilizadas para remover e remodelar tecido ósseo e também para remover retalhos ósseos. Apresentação: embalagem plástica contendo 1 unidade, com informações de modelo, constando dados de identificação, procedência, validade, garantia, nº do lote de fabricação e o nº indicativo do modelo gravados no corpo da peça, o que permite a rastreabilidade, certificações (fabricado de acordo com padrões internacionais de qualidade, normas da ABNT) e registro na ANVISA.",Unidade,11/09/2026,Caio César Borges de Oliveira
4151151,MICRO MOTOR PARA BAIXA ROTAÇÃO,"Micromotor Intramatic (universal) de baixa rotação. Rotação de 5.000 a 20.000 rpm. Fabricado em alumínio anodizado. Possui baixo nível de ruídos e vibração. Apresenta acoplamento de borden e spray externo. No corpo do micromotor a pressão de ar de trabalho é de 40 libras (psi). Autoclavável. Indicação: indicado para o preparo de cavidades, profilaxia com pasta abrasiva, acabamento de restaurações e trabalhos leves em laboratório de prótese. Apresentação: embalagem plástica contendo 1 unidade, com dados de identificação, validade, lote, procedência e rastreabilidade, responsável técnico, garantia, certificações (fabricado de acordo com padrões internacionais de qualidade, normas da ABNT) e registro na ANVISA",Unidade,11/09/2026,Caio César Borges de Oliveira
4150825,,,,,
4150826,MOLDEIRA LISA INFERIOR ADULTO (1-4),"Moldeiras lisas arco inferior para adultos. Composição: aço inoxidável AISI 304. Possui bordas lisas e arredondadas Autoclavável. Indicação: reproduzir moldes de impressão dos dentes através de materiais de moldagem como alginato. Apresentação: embalagem blister contendo 4 unidades de diferentes tamanhos, com dados de identificação, validade, lote, procedência e rastreabilidade, responsável técnico, garantia, certificações (fabricado de acordo com padrões internacionais de qualidade, normas da ABNT) e registro na ANVISA.",Kit,11/09/2026,Caio César Borges de Oliveira
4150827,MOLDEIRAS PARA EDENTADOS,"Moldeiras amoldáveis, em alumínio polido, para edentados. Perfuradas. Modelo hdr. Apresentam bordas arredondadas e perfurações em toda a sua área, com curvas, cabo mais espesso que permite uma empunhadura segura e perfeita, com o mínimo de flexão na moldagem. Autoclavável. Indicação: indicado para moldagem em alginato. Apresentação: embalagem blister com 6 unidades tamanhos 1, 2, 3 superior e 1, 2, 3 inferior, com dados de identificação, validade, lote, procedência e rastreabilidade, responsável técnico, garantia. Certificações (fabricado de acordo com padrões internacionais de qualidade, normas da ABNT) e registro na ANVISA.",Kit,11/09/2026,Caio César Borges de Oliveira
4150828,MOLDEIRAS PARA DENTADOS,"Moldeiras para adultos dentados, fabricadas em alumínio polido perfurado. Apresentam bordas arredondadas e perfurações em toda sua área, com curvas de Spee. Autoclavável.
 Indicação: utilizadas para reproduzir moldes de impressão dos dentes através de diferentes tipos de materiais, como: alginato, silicones de condensação ou adição, entre outros.
 Apresentação: embalagem blister contendo 9 unidades (4 unidades nos tamanhos 3, 4, 5, 6 inferiores; 4 unidades nos tamanhos 3, 4, 5, 6 superiores e 1 parcial, giratória), contendo dados de identificação, validade, lote, procedência e rastreabilidade, responsável técnico, garantia, certificações (fabricado de acordo com padrões internacionais de qualidade, normas da ABNT) e registro na ANVISA",Kit,11/09/2026,Caio César Borges de Oliveira
4150744,PAPEL DETECTOR,"Características: papel carbono dupla face na cor vermelho e preto. Livreto contendo 12 unidades de papel carbono, espessura de 21 micras. Estica sem rasgar. Não distorce marcas. Dimensão de 2 x 9 x 0,1cm peso aproximado de 3g. Indicação: Registros oclusais e ajustes de restauração. Uso odontológico.
 Apresentação: embalagem em livreto com 12 papeis com capa contendo dados de identificação, lote, procedência e rastreabilidade, garantia, validade, responsável técnico, certificações (fabricado de acordo com padrões internacionais de qualidade, normas da ABNT) e registro na ANVISA.",Livreto com 12 folhas,11/09/2026,Caio César Borges de Oliveira
4151106,HIDRÓXIDO DE CÁLCIO PASTA (KIT SERINGA E AGULHAS),"Características: pasta branca, viscosa, biocompatível, contendo hidróxido de cálcio a 35%, com pH 12,5, acondicionado em seringa.
 Indicação: indicado para tratamentos endodônticos temporários, especialmente no controle de infecções em canais radiculares, graças ao seu pH elevado e ação bactericida.
 Apresentação: Kit com seringa de 1,2 mL e 2 unidades de Pontas Navitip 29g 17mm.",Kit,11/09/2026,Caio César Borges de Oliveira
4150742,PASTA PARA TRATAMENTO DE ALVEOLITE,"Características:composta por óxido de zinco, iodofórmio, paramonoclorofenol e resina branca. 
 Indicação: prevenção e tratamento de alveolite, proporcionando reparação e neoformação óssea na região apical do alvéolo, auxiliando na cicatrização. 
 Apresentação: embalagem primária: frasco com tampa rosca contendo 10 g do produto. Embalagem secundária: caixa de papel contendo dados de identificação, lote, procedência e rastreabilidade, responsável técnico, garantia, certificações (fabricado de acordo com padrões internacionais de qualidade, normas da ABNT) e registro na ANVISA.",Frasco,11/09/2026,Caio César Borges de Oliveira
4150741,,,,,
4151057,,,,,
4151058,,,,,
4151059,PAVIO PARA LAMPARINA,"Características: pavio confeccionado em fio 100% algodão, trançado, branco.
 Indicação: utilizado em lamparina à álcool em inox, uso odontológico.
 Apresentação: embalagem plástica contendo 12 unidades de produto, com dados de identificação, lote, procedência e rastreabilidade, responsável técnico, garantia, certificações (fabricado de acordo com padrões internacionais de qualidade, normas da ABNT) e registro na ANVISA.",Embalagem com 12 unidades,11/09/2026,Caio César Borges de Oliveira
4151060,,,,,
4151061,,,,,
4151062,PEDRA DE ÓXIDO DE ALUMÍNIO CÔNICA,"Características: pedra de óxido de alumínio para uso em peça reta. Granulometria fina.
 Indicação: desgaste de metais, resinas acrílicas, cerâmicas e compósitos.
 Apresentação: blister com 1 unidade, contendo dados de identificação, lote, procedência e rastreabilidade, responsável técnico, garantia, certificações (fabricado de acordo com padrões internacionais de qualidade, normas da ABNT) e registro na ANVISA.",Blister com 1 unidade,11/09/2026,Caio César Borges de Oliveira
4150829,,,,,
4150830,,,,,
4150832,,,,,
4150652,PEDRA PARA AFIAÇÃO,"Pedra para afiação de instrumentais odontológicos, composta por óxido de alumínio e corante mineral. Dimensões: 100 mm x 25 mm x 10 mm. Possui granulação media. Indicação: recuperação do fio de corte de instrumentos odontológicos. Apresentação: embalagem blister a vácuo com 1 unidade, com dados de identificação, validade, lote, procedência e rastreabilidade, responsável técnico, garantia, certificações (fabricado de acordo com padrões internacionais de qualidade, normas da ABNT) e registro na ANVISA.",Unidade,11/09/2026,Caio César Borges de Oliveira
4151063,PEDRA POMES PÓ,"Características: pó abrasivo extra fino produzido à base de quartzo cristalino. Cor acinzentada ou branca.
 Indicação: polimento de esmalte dental e de restaurações em resina, amálgama e ouro.
 Apresentação: frasco contendo 100 g do produto, com dados de identificação, lote, procedência e rastreabilidade, responsável técnico, garantia, certificações (fabricado de acordo com padrões internacionais de qualidade, normas da ABNT) e registro na ANVISA.",Frasco,11/09/2026,Caio César Borges de Oliveira
4151064,,,,,
4150833,PINÇA DIETRICH,"Pinça atraumática Dietrich. Comprimento: 16 cm. Fabricada em aço inoxidável AISI 420. Autoclavável. Instrumento cirúrgico não articulado não cortante utilizado em procedimentos cirúrgicos para apreensão de tecidos moles sem dilacerar. Possui as pontas arredondadas com abertura vazada no centro. Apresentação: embalagem plástica contendo 1 unidade, com informações de modelo, constando dados de identificação, procedência, validade, garantia, nº do lote de fabricação e o nº indicativo do modelo gravados no corpo da peça, o que permite a rastreabilidade, certificações (fabricado de acordo com padrões internacionais de qualidade, normas da ABNT) e registro na ANVISA.",Unidade,11/09/2026,Caio César Borges de Oliveira
4150656,PINÇA CLÍNICA Nº 17,"Pinça clínica nº 17. Em aço inoxidável AISI 420. Comprimento: 17 cm. Autoclavável. Instrumento cirúrgico articulado não cortante de ponta curva, utilizada para apreensão de materiais como algodão, gaze, fios, entre outros. Eventualmente pode ser utilizado para manipulação de tecidos, juntamente com as pinças de dissecção, além de segurar e imobilizar a ponta da agulha de sutura emergente dos tecidos ou as extremidades dos fios de sutura. Apresentação: embalagem com 1 unidade, com informações do modelo, constando dados de identificação, procedência, validade, garantia, nº do lote de fabricação gravado no corpo da peça, o que permite a rastreabilidade, certificações (fabricado de acordo com padrões internacionais de qualidade, normas da ABNT) e registro na ANVISA.",Unidade,11/09/2026,Caio César Borges de Oliveira
4150835,,,,,
4150836,PINÇA MULLER,"Pinça Muller para carbono. Confeccionada em aço inoxidável AISI 420. Autoclavável. Utilizada para manusear o carbono em teste de oclusão. Apresentação: embalagem plástica contendo 1 unidade, com informações de modelo, constando dados de identificação, procedência, validade, garantia, nº do lote de fabricação e o nº indicativo do modelo gravados no corpo da peça, o que permite a rastreabilidade. Certificações (fabricado de acordo com padrões internacionais de qualidade, normas da ABNT) e registro na ANVISA.",Unidade,11/09/2026,Caio César Borges de Oliveira
4150657,PINÇA PORTA GRAMPO,"Pinça porta grampo modelo Palmer. Fabricada em aço inoxidável AISI 420. Autoclavável. Utilizada para conduzir e abrir o grampo para ser colocado no dente ou na raiz, nos procedimentos de isolamento absoluto. Apresentação: embalagem plástica contendo 1 unidade, com informações de modelo, constando dados de identificação, procedência, validade, garantia, nº do lote de fabricação e o nº indicativo do modelo gravados no corpo da peça, o que permite a rastreabilidade. Certificações (fabricado de acordo com padrões internacionais de qualidade, normas da ABNT) e registro na ANVISA.",Unidade,11/09/2026,Caio César Borges de Oliveira
4150740,PINCEL MICRO BRUSH EXTRA FINO,"Pincel microaplicador odontológico Extrafino, indicado para a aplicação de agentes adesivos, selantes, soluções hemostáticas, condicionadores ácidos, fluoretos e forradores cavitários. Sua composição é de cerdas microfibradas não-absorventes e sem fiapos, com haste plástica dobrável. Apresenta cerdas compostas por minúsculas fibras não-absorventes e livres de fiapos, aplicação precisa e haste dobrável para maior ergonomia, no tamanho extrafino de 1,0 mm, correspondente a 1/16 de gota. A apresentação do produto ocorre em embalagem com 100 microaplicadores descartáveis. A embalagem deve conter dados de identificação, lote, procedência, rastreabilidade, responsável técnico, garantia, certificações de qualidade conforme padrões internacionais e normas da ABNT, além do registro na ANVISA.",Embalagem com 100 unidades,11/09/2026,Caio César Borges de Oliveira
4150743,PINCEL MICRO BRUSH FINO,"Pincel microaplicador odontológico Fino, indicado para a aplicação de agentes adesivos, selantes, soluções hemostáticas, condicionadores ácidos, fluoretos e forradores cavitários. Sua composição é de cerdas microfibradas não-absorventes e sem fiapos, com haste plástica dobrável. Apresenta cerdas compostas por minúsculas fibras não-absorventes e livres de fiapos, aplicação precisa e haste dobrável para maior ergonomia, no tamanho fino de 1,5 mm, correspondente a 1/8 de gota. A apresentação do produto ocorre em embalagem com 100 microaplicadores descartáveis. A embalagem deve conter dados de identificação, lote, procedência, rastreabilidade, responsável técnico, garantia, certificações de qualidade conforme padrões internacionais e normas da ABNT, além do registro na ANVISA.",Embalagem com 100 unidades,11/09/2026,Caio César Borges de Oliveira
4151065,PINCEL PELO DE PONEI,"Características: pincel tipo pelo de ponei nº 0 em formato redondo, com cabo em polipropileno e virola em alumínio. Medidas do pelo: diâmetro: 2,5 mm; altura: 9 mm. Comprimento total do pincel: 155 mm.
 Indicação: aplicação de materiais em restaurações e próteses.
 Apresentação: sem embalagem.",Unidade,11/09/2026,Caio César Borges de Oliveira
4150739,PINCEL PELO DE MARTA,"Características: pincel tipo pelo de marta em formato redondo filete. Cabo em madeira e virola em alumínio. Medidas do pelo: diâmetro: 1,3 mm; altura: 12 mm. Comprimento total do pincel: 180 mm.
 Indicação: técnica pó/líquido de resina acrílica.
 Apresentação: sem embalagem.",Unidade,11/09/2026,Caio César Borges de Oliveira
4150659,PLACA DE VIDRO FINA,"Placa de vidro retangular lisa, fina. Medidas: largura: 8 cm; espessura: 0,6 cm; comprimento: 14 cm. Utilizada para espatulação de cimentos e pastas. Apresentação: embalagem plástica contendo 1 unidade, com informações de modelo, constando dados de identificação, procedência, validade, garantia, nº do lote de fabricação e o nº indicativo do modelo gravados no corpo da peça, o que permite a rastreabilidade, certificações (fabricado de acordo com padrões internacionais de qualidade, normas da ABNT) e registro na ANVISA.",Unidade,11/09/2026,Caio César Borges de Oliveira
4150837,PLANO DE CAMPER,"Plano de Camper. Suporte fabricado em alumínio anodizado, utilizado para montagem estandartizada (12°) do modelo de gesso superior em articulador semi ajustável. Deve possuir linhas de referência mediana, laterais e anteriores para alinhamento do modelo de gesso. Apresentação: embalagem plástica contendo 1 unidade, com informações de modelo, constando dados de identificação, procedência, validade, garantia, nº do lote de fabricação e o nº indicativo do modelo gravados no corpo da peça, o que permite a rastreabilidade, certificações (fabricado de acordo com padrões internacionais de qualidade, normas da ABNT) e registro na ANVISA.",Unidade,11/09/2026,Caio César Borges de Oliveira
4151066,,,,,
4151067,CONES DE GUTA PERCHA B7,"Cones acessórios de guta percha no tamanho B7. Pontas termoplásticas produzidas à base de guta percha, óxido de zinco e corante orgânico, roladas à mão. Propriedades principais: elasticidade e radiopacidade. Indicação: atuam como cones acessórios nas obturações endodônticas. Apresentação: caixa plástica contendo 120 unidades. Rótulo com dados de identificação, lote, procedência e rastreabilidade, responsável técnico, garantia, certificações (fabricado de acordo com padrões internacionais de qualidade, normas da ABNT) e registro na ANVISA.",Caixa com 120 unidades,11/09/2026,Caio César Borges de Oliveira
4151068,CONES DE GUTA PERCHA B8,"Cones acessórios de guta percha no tamanho B8. Pontas termoplásticas produzidas à base de guta percha, óxido de zinco e corante orgânico, roladas à mão. Propriedades principais: elasticidade e radiopacidade. Indicação: atuam como cones acessórios nas obturações endodônticas. Apresentação: caixa plástica contendo 120 unidades. Rótulo com dados de identificação, lote, procedência e rastreabilidade, responsável técnico, garantia, certificações (fabricado de acordo com padrões internacionais de qualidade, normas da ABNT) e registro na ANVISA.",Caixa com 120 unidades,11/09/2026,Caio César Borges de Oliveira
4151069,,,,,
4151070,,,,,
4151071,,,,,
4151072,,,,,
4151073,,,,,
4151074,,,,,
4151075,,,,,
4151076,PONTAS DE PAPEL ABSORVENTE Nº 15-40,"Características: pontas de papel absorvente roladas à mão. Cores sortidas e conicidades variadas (#15, #20, #25, #30, #35, #40). Comprimento: 28 mm.
 Indicação: secagem dos canais radiculares.
 Apresentação: caixa plástica contendo 120 unidades sortidas. Rótulo com dados de identificação, lote, procedência e rastreabilidade, responsável técnico, garantia, certificações (fabricado de acordo com padrões internacionais de qualidade, normas da ABNT) e registro na ANVISA.",Embalagem com 120 unidades sortidas,11/09/2026,Caio César Borges de Oliveira
4151077,,,,,
4151078,,,,,
4151079,PONTAS DE PAPEL ABSORVENTE Nº 35,"Características: pontas de papel absorvente roladas à mão, tamanho #35. Comprimento: 28 mm.
 Indicação: secagem dos canais radiculares.
 Apresentação: caixa plástica contendo 120 unidades sortidas. Rótulo com dados de identificação, lote, procedência e rastreabilidade, responsável técnico, garantia, certificações (fabricado de acordo com padrões internacionais de qualidade, normas da ABNT) e registro na ANVISA.",Embalagem com 120 unidades sortidas,11/09/2026,Caio César Borges de Oliveira
4151080,PONTAS DE PAPEL ABSORVENTE Nº 40,"Características: pontas de papel absorvente roladas à mão, tamanho #40. Comprimento: 28 mm.
 Indicação: secagem dos canais radiculares.
 Apresentação: caixa plástica contendo 120 unidades sortidas. Rótulo com dados de identificação, lote, procedência e rastreabilidade, responsável técnico, garantia, certificações (fabricado de acordo com padrões internacionais de qualidade, normas da ABNT) e registro na ANVISA.",Embalagem com 120 unidades sortidas,11/09/2026,Caio César Borges de Oliveira
4151081,PONTAS DE PAPEL ABSORVENTE Nº 45-80,"Características: pontas de papel absorvente roladas à mão. Cores sortidas e conicidades variadas (#45, #50, #55, #60, #70, #80). Comprimento: 28 mm.
 Indicação: secagem dos canais radiculares.
 Apresentação: caixa plástica contendo 120 unidades sortidas. Rótulo com dados de identificação, lote, procedência e rastreabilidade, responsável técnico, garantia, certificações (fabricado de acordo com padrões internacionais de qualidade, normas da ABNT) e registro na ANVISA.",Embalagem com 120 unidades sortidas,11/09/2026,Caio César Borges de Oliveira
4151082,,,,,
4151083,,,,,
4151084,,,,,
4150637,,,,,
4150638,,,,,
4150636,,,,,
4150665,,,,,
4150662,PONTEIRA UNIVERSAL COMPATÍVEL COM QUALQUER FOTOPOLIMERIZADOR (12 mm),"Ponteira universal compatível com qualquer fotopolimerizador. Confeccionada em fibra ótica, que evita a dispersão da luz, aumentando sua eficiência. Autoclavável. Diâmetro do encaixe (base metálica) - 12 x 15 mm. Apresentação: embalagem plástica contendo 1 unidade, com informações de modelo, constando dados de identificação, procedência, validade, garantia, nº do lote de fabricação e o nº indicativo do modelo gravados no corpo da peça, o que permite a rastreabilidade, certificações (fabricado de acordo com padrões internacionais de qualidade, normas da ABNT) e registro na ANVISA.",Unidade,11/09/2026,Caio César Borges de Oliveira
4150664,,,,,
4150838,PORTA AGULHA CASTROVIEJO,"Porta agulha Castroviejo reto 14 cm. Fabricado em aço inoxidável AISI 420. Autoclavável. Possui ponta reta com serrilha. Com trava. Utilizado para apreensão de fio de sutura, auxiliando nos procedimentos cirúrgicos. Apresentação: embalagem plástica contendo 1 unidade, com informações de modelo, constando dados de identificação, procedência, validade, garantia, nº do lote de fabricação e o nº indicativo do modelo gravados no corpo da peça, o que permite a rastreabilidade, certificações (fabricado de acordo com padrões internacionais de qualidade, normas da ABNT) e registro na ANVISA.",Unidade,11/09/2026,Caio César Borges de Oliveira
4150600,,,,,
4150672,,,,,
4150839,PORTA AGULHA MAYO HEGAR COM VIDIA,"Porta agulha Mayo Hegar com vidia (metal duro - partículas de carbonetos de tungstênio). Comprimento - 15 cm. Fabricado em aço inoxidável AISI 420. Autoclavável. Instrumento cirúrgico articulado, não cortante, utilizado para fixação da agulha durante a sutura. Possui ponta de vidia, que aumenta em muito a vida útil e não permite qualquer movimento da agulha. Apresentação: embalagem plástica contendo 1 unidade, com informações de modelo, constando dados de identificação, procedência, validade, garantia, nº do lote de fabricação e o nº indicativo do modelo gravados no corpo da peça, o que permite a rastreabilidade, certificações (fabricado de acordo com padrões internacionais de qualidade, normas da ABNT) e registro na ANVISA.",Unidade,11/09/2026,Caio César Borges de Oliveira
4150673,PORTA ALGODÃO,"Porta algodão. Fabricado em aço inoxidável AISI 304. Autoclavável. Medidas: 08 x 10 cm. Utilizado para armazenamento de algodão ou gaze. Possui tampa removível com orifício central. Apresentação: embalagem plástica contendo 1 unidade, com informações de modelo, constando dados de identificação, procedência, validade, garantia, nº do lote de fabricação e o nº indicativo do modelo gravados no corpo da peça, o que permite a rastreabilidade, certificações (fabricado de acordo com padrões internacionais de qualidade, normas da ABNT) e registro na ANVISA.",Unidade,11/09/2026,Caio César Borges de Oliveira
4150840,,,,,
4150676,PORTA MATRIZ IVORY Nº 8,"Porta matriz Ivory nº 8, em aço inoxidável AISI 420. Autoclavável. Comprimento: 8 cm. Instrumento utilizado na colocação e adaptação da matriz metálica a fim de individualizar o dente que será alvo de uma restauração classe II. Apresentação: embalagem com 1 unidade, com informações do modelo, constando dados de identificação, procedência, validade, garantia, nº do lote de fabricação gravado no corpo da peça, o que permite a rastreabilidade, certificações (fabricado de acordo com padrões internacionais de qualidade, normas da ABNT) e registro na ANVISA.",Unidade,11/09/2026,Caio César Borges de Oliveira
4150678,PORTA MATRIZ TOFFLEMIRE,"Porta matriz Tofflemire. Fabricado em aço inoxidável AISI 304. Autoclavável. Utilizado como auxiliar em restaurações Cl II. Apresentação: embalagem plástica contendo 1 unidade, com informações de modelo, constando dados de identificação, procedência, validade, garantia, nº do lote de fabricação e o nº indicativo do modelo gravados no corpo da peça, o que permite a rastreabilidade, certificações (fabricado de acordo com padrões internacionais de qualidade, normas da ABNT) e registro na ANVISA.",Unidade,11/09/2026,Caio César Borges de Oliveira
4150680,PORTA RESÍDUOS,"Porta resíduos. Fabricado em aço inoxidável AISI 304. Autoclavável. Medidas: 08 x 10 cm. Utilizado para armazenamento de detritos. Possui tampa removível com orifício central. Apresentação: embalagem plástica contendo 1 unidade, com informações de modelo, constando dados de identificação, procedência, validade, garantia, nº do lote de fabricação e o nº indicativo do modelo gravados no corpo da peça, o que permite a rastreabilidade e registro na ANVISA.",Unidade,11/09/2026,Caio César Borges de Oliveira
4150850,POSICIONADOR DE FILMES RADIOGRÁFICOS (ADULTO),"Posicionadores de filmes radiográficos adulto. Composição: material termoplástico, pigmento e silicone atóxico. Kit contendo 1 posicionador para incisivos e caninos superiores e inferiores + 1 posicionador para molares superiores lado direito e inferiores lado esquerdo + 1 posicionador para molares superiores lado esquerdo e inferiores lado direito + 1 posicionador para radiografia interproximal bite wing. Autoclavável. Utilizado para auxiliar na orientação da angulação do aparelho de raios-x odontológico, resultando em imagens radiográficas padronizadas e nítidas. Indicado para tomadas radiográficas periapicais e Inter proximais. Apresentação: embalagem primária: pote plástico com tampa. Embalagem secundária: caixa de papel contendo 1 kit, com informações de modelo, constando dados de identificação, procedência, validade, garantia, nº do lote de fabricação e o nº indicativo do modelo gravados no corpo da peça, o que permite a rastreabilidade, e registro na ANVISA.",Kit,11/09/2026,Caio César Borges de Oliveira
4150852,POSICIONADOR DE FILMES RADIOGRÁFICOS (INFANTIL),"Posicionadores de filmes radiográficos infantil. Composição: material termoplástico, pigmento e silicone atóxico. Kit contendo 1 posicionador para incisivos e caninos superiores e inferiores + 1 posicionador para molares superiores lado direito e inferiores lado esquerdo + 1 posicionador para molares superiores lado esquerdo e inferiores lado direito + 1 posicionador para radiografia Inter proximal bite wing. Autoclavável. Utilizado para auxiliar na orientação da angulação do aparelho de raios-x odontológico, resultando em imagens radiográficas padronizadas e nítidas. Indicado para tomadas radiográficas periapicais e Inter proximais. Apresentação: embalagem primária: pote plástico com tampa. Embalagem secundária: caixa de papel contendo 1 kit, com informações de modelo, constando dados de identificação, procedência, validade, garantia, nº do lote de fabricação e o nº indicativo do modelo gravados no corpo da peça, o que permite a rastreabilidade, e registro na ANVISA.",Kit,11/09/2026,Caio César Borges de Oliveira
4150681,POTE DAPPEN DE VIDRO,"Pote dappen de vidro. Recipiente circular confeccionado em vidro resistente e autoclavável. Medidas: 3 cm de altura e duas cavidades em sua composição, uma superior com 3,5 cm de diâmetro e capacidade de 7 ml e uma inferior com 2,8 cm de diâmetro e capacidade de 1 ml. Indicado para manipulação de materiais odontológicos. Apresentação: embalagem plástica contendo informações de modelo, dados de identificação, procedência, validade, garantia, nº do lote de fabricação e registro na ANVISA.",Unidade,11/09/2026,Caio César Borges de Oliveira
4150683,POTE DE VIDRO MODELO PALADON,"Pote de vidro modelo paladon. Transparente, com tampa, autoclavável. Medidas: 6,5 cm de largura e 5 cm de altura (com a tampa). Utilizado para manipulação de resina acrílica. Apresentação: embalagem plástica contendo informações de modelo, dados de identificação, procedência, validade, garantia, nº do lote de fabricação, e registro na ANVISA.",Unidade,11/09/2026,Caio César Borges de Oliveira
4150685,PRENDEDOR DE GUARDANAPO (CORRENTE TIPO JACARÉ),"Prendedor de guardanapo (corrente tipo jacaré). Produzido em aço inoxidável AISI 420. Autoclavável. Utilizado como auxiliar para segurar o guardanapo de proteção no paciente. Apresentação: embalagem plástica contendo informações de modelo, dados de identificação, procedência, validade, garantia, nº do lote de fabricação e registro na ANVISA.",Unidade,11/09/2026,Caio César Borges de Oliveira
4151085,PROTETOR DE MANGUEIRA EM TNT,"Características: protetor descartável de mangueira, produzido em polipropileno (TNT). Gramatura: 30. Cor branca ou azul. Medidas: 100 x 7 cm. 
 Indicação: cobertura de mangueiras odontológicas durante procedimentos cirúrgicos.
 Apresentação: embalagem plástica contendo 10 unidades do produto, rótulo com dados de identificação, lote, procedência e rastreabilidade, responsável técnico, garantia, certificações (fabricado de acordo com padrões internacionais de qualidade, normas da ABNT) e registro na ANVISA.",Pct c/ 10,11/09/2026,Caio César Borges de Oliveira
4150700,BABADOR DESCARTÁVEL,"Características: Protetor descartável tipo babador. Confeccionado em duas camadas, uma de papel e uma de plástico atóxico. Branco. Sem adesivo. Alto potencial de absorção. Medidas: 30 x 40 cm. 
 Indicação: proteger o paciente durante o atendimento odontológico.
 Apresentação: embalagem com 100 unidades, com dados de identificação, validade, lote, procedência e rastreabilidade, responsável técnico, garantia, certificações (fabricado de acordo com padrões internacionais de qualidade, normas da ABNT) e registro na ANVISA.",Pacote,11/09/2026,Caio César Borges de Oliveira
4151086,REFIL PARA TAMBOREL,"Características: refil descartável para tamborel de apoio de limas endodônticas. Produzido em 100% poliéster. Resistente ao ataque de produtos químicos. Auoclavável. 
 Indicação: apoio de instrumentais endodônticos durante a instrumentalização dos canais radiculares.
 Apresentação: embalagem plástica contendo 50 unidades do produto, rótulo com dados de identificação, lote, procedência e rastreabilidade, responsável técnico, garantia, certificações (fabricado de acordo com padrões internacionais de qualidade, normas da ABNT) e registro na ANVISA.",Pacote com 50,11/09/2026,Caio César Borges de Oliveira
4151087,,,,,
4150841,RÉGUA ENDODÔNTICA CALIBRADORA,"Régua endodôntica calibradora. Fabricada em PPS Black (RAL 4021). Apresenta anilhas metálicas compatíveis com os diâmetros ISO 25, 30, 35, 40, 45 50, 55, 60, 70, 80, 90, 100, 110, 120, 130, 140. Instrumento destinado à mensuração de instrumentos endodônticos e à calibragem de pontas de guta percha. Apresentação: embalagem plástica contendo 1 unidade, com informações de modelo, dados de identificação, procedência, validade, garantia, nº do lote de fabricação gravado no corpo da peça, o que permite a rastreabilidade, e registro na ANVISA.",Unidade,11/09/2026,Caio César Borges de Oliveira
4150842,RÉGUA DE FOX COM ARCO,"Régua de fox com arco. Conjunto composto por 2 modelos de régua (régua fox e régua em arco), indicadas para uso no ajuste do rolete de cera superior nas próteses totais, para determinar e avaliar os planos oclusais (Camper) e horizontal (interpupilar). Confeccionada em alumínio anodizado autoclavável. Apresentação: embalagem plástica contendo 1 unidade, com informações de modelo, constando dados de identificação, procedência, validade, garantia, nº do lote de fabricação e o nº indicativo do modelo gravados no corpo da peça, o que permite a rastreabilidade, e registro na ANVISA.",Unidade,11/09/2026,Caio César Borges de Oliveira
4150843,RÉGUA ENDODÔNTICA MILIMETRADA,"Régua endodôntica milimetrada calibradora. Produzida em alumínio anodizado. Autoclavável. Comprimento: 30 cm. Utilizada na calibragem de limas endodônticas, cones de guta percha e cones de papel. Apresentação: embalagem plástica contendo 1 unidade, com informações de modelo, constando dados de identificação, procedência, validade, garantia, nº do lote de fabricação e o nº indicativo do modelo gravados no corpo da peça, o que permite a rastreabilidade, e registro na ANVISA.",Unidade,11/09/2026,Caio César Borges de Oliveira
4151088,REMOVEDOR DE CERAS E GORDURAS,"Características: solução composta por hidrocarboneto alifático saturado. Pode ser utilizada em técnicas convencionais e micro-ondas. Totalmente inodoro e não deixa resíduos. Indicação: remoção de resíduos de ceras e gorduras na confecção de próteses odontológicas. Apresentação: frasco com tampa rosca, contendo 250 ml do produto. Rótulo com dados de identificação, lote, procedência e rastreabilidade, responsável técnico, garantia, certificações (fabricado de acordo com padrões internacionais de qualidade, normas da ABNT) e registro na ANVISA.",Frasco,11/09/2026,Caio César Borges de Oliveira
4151089,,,,,
4151090,,,,,
4151091,RESINA ACRÍLICA TERMOPOLIMERIZÁVEL PÓ INCOLOR,"Características: pó composto por polimetilmetacrilato e peróxido de benzoíla. Utilizado juntamente com o líquido para resina acrílica. Termopolimerizável em forno de micro-ondas. 
 Indicação: consertos e reembasamentos de próteses dentárias.
 Apresentação: embalagem primária: frasco com tampa rosca contendo 220 g do produto. Embalagem secundária: caixa de papel contendo dados de identificação, lote, procedência e rastreabilidade, responsável técnico, garantia, certificações (fabricado de acordo com padrões internacionais de qualidade, normas da ABNT) e registro na ANVISA.",Frasco,11/09/2026,Caio César Borges de Oliveira
4151092,,,,,
4151093,,,,,
4151094,,,,,
4151095,RESINA ACRÍLICA AUTOPOLIMERIZÁVEL PÓ COR Nº 69,"Características: pó composto por polimetilmetacrilato, peróxido de benzoíla e pigmentos biocompatíveis. Utilizado juntamente com o líquido para resina acrílica. Autopolimerizável 
 Indicação: confecção de provisórios, coroas e facetas dentais.
 Apresentação: embalagem primária: frasco com tampa rosca contendo 78 g do produto. Embalagem secundária: caixa de papel contendo dados de identificação, lote, procedência e rastreabilidade, responsável técnico, garantia, certificações (fabricado de acordo com padrões internacionais de qualidade, normas da ABNT) e registro na ANVISA.",Frasco,11/09/2026,Caio César Borges de Oliveira
4151096,,,,,
4151097,RESINA ACRÍLICA AUTOPOLIMERIZÁVEL PÓ COR Nº 81,"Características: pó composto por polimetilmetacrilato, peróxido de benzoíla e pigmentos biocompatíveis. Utilizado juntamente com o líquido para resina acrílica. Autopolimerizável 
 Indicação: confecção de provisórios, coroas e facetas dentais.
 Apresentação: embalagem primária: frasco com tampa rosca contendo 78 g do produto. Embalagem secundária: caixa de papel contendo dados de identificação, lote, procedência e rastreabilidade, responsável técnico, garantia, certificações (fabricado de acordo com padrões internacionais de qualidade, normas da ABNT) e registro na ANVISA.",Frasco,11/09/2026,Caio César Borges de Oliveira
4151098,RESINA ACRÍLICA AUTOPOLIMERIZÁVEL (LÍQUIDO),"Características: líquido incolor composto por acetona, ácido cianídrico e álcool metílico. Utilizado juntamente com o pó de resina acrílica. Autopolimerizável.
 Indicação: consertos e reembasamentos de próteses dentárias. Apresentação: embalagem primária: frasco com tampa rosca contendo 120 ml do produto. Embalagem secundária: caixa de papel contendo dados de identificação, lote, procedência e rastreabilidade, responsável técnico, garantia, certificações (fabricado de acordo com padrões internacionais de qualidade, normas da ABNT) e registro na ANVISA.",Frasco,11/09/2026,Caio César Borges de Oliveira
4151099,,,,,
4151100,,,,,
4151101,,,,,
4151102,RESINA ACRÍLICA AUTOPOLIMERIZÁVEL PÓ COR Nº 66,"Características: pó composto por polimetilmetacrilato, peróxido de benzoíla e pigmentos biocompatíveis. Utilizado juntamente com o líquido para resina acrílica. Autopolimerizável 
 Indicação: confecção de provisórios, coroas e facetas dentais.
 Apresentação: embalagem primária: frasco com tampa rosca contendo 78 g do produto. Embalagem secundária: caixa de papel contendo dados de identificação, lote, procedência e rastreabilidade, responsável técnico, garantia, certificações (fabricado de acordo com padrões internacionais de qualidade, normas da ABNT) e registro na ANVISA.",Frasco,11/09/2026,Caio César Borges de Oliveira
4151103,,,,,
4151104,RESINA ACRÍLICA AUTOPOLIMERIZÁVEL PÓ INCOLOR 78 g,"Características: pó composto por polimetilmetacrilato e peróxido de benzoíla. Utilizado juntamente com o líquido para resina acrílica. Autopolimerizável 
 Indicação: consertos e reembasamentos de próteses dentárias.
 Apresentação: embalagem primária: frasco com tampa rosca contendo 78 g do produto. Embalagem secundária: caixa de papel contendo dados de identificação, lote, procedência e rastreabilidade, responsável técnico, garantia, certificações (fabricado de acordo com padrões internacionais de qualidade, normas da ABNT) e registro na ANVISA.",Frasco,11/09/2026,Caio César Borges de Oliveira
4151105,RESINA ACRÍLICA AUTOPOLIMERIZÁVEL PÓ COR ROSA MÉDIO,"Características: pó composto por polimetilmetacrilato, peróxido de benzoíla e pigmentos biocompatíveis. Utilizado juntamente com o líquido para resina acrílica. Autopolimerizável Indicação: consertos e reembasamentos de próteses dentárias. Apresentação: embalagem primária: frasco com tampa rosca contendo 78 g do produto. Embalagem secundária: caixa de papel contendo dados de identificação, lote, procedência e rastreabilidade, responsável técnico, garantia, certificações (fabricado de acordo com padrões internacionais de qualidade, normas da ABNT) e registro na ANVISA.",Frasco,11/09/2026,Caio César Borges de Oliveira
4151107,,,,,
4151108,RESINA ACRÍLICA TERMOPOLIMERIZÁVEL (LÍQUIDO),"Características: líquido incolor composto por metilmetacrilato, metacrilato de etilenoglicol – EDMA, inibidor e fluorescente. Utilizado juntamente com o pó de resina acrílica. Termopolimerizável em forno de micro-ondas.
 Indicação: consertos e reembasamentos de próteses dentárias.
 Apresentação: embalagem primária: frasco com tampa rosca contendo 250 ml do produto. Embalagem secundária: caixa de papel contendo dados de identificação, lote, procedência e rastreabilidade, responsável técnico, garantia, certificações (fabricado de acordo com padrões internacionais de qualidade, normas da ABNT) e registro na ANVISA.",Frasco,11/09/2026,Caio César Borges de Oliveira
4151109,,,,,
4151110,,,,,
4150716,RESINA MICROHÍBRIDA FLUIDA FLOW A3,"Características: resina composta de consistência fluida, baixa viscosidade, fotopolimerizável, radiopaca. Possui 72% de carga inorgânica silanizada composta de micropartículas de bário-alumínio silicato e dióxido de silício nanoparticulado com tamanho de partícula na faixa de 0,05 a 5,0 microns. Contém ainda monômeros metacrílicos [como TEGDMA, Bis(EMA), Bis(GMA)], canforquinona, co-iniciadores, conservantes e pigmentos. Possui elevada resistência mecânica. 
 Indicação: em Dentística, como base/forramento sob restaurações diretas, selante de fóssulas e fissuras, preparo tipo túnel, reparo de defeitos de esmalte, colagem de fragmentos dentários, lesões cervicais não cariosas, reparo em resina composta.
 Apresentação: embalagem primária: seringa plástica rosqueável com tampa em rosca, contendo 2 g do produto. 2 pontas aplicadoras produzidas em plástico e metal. Embalagem secundária: caixa de papel contendo dados de identificação, lote, procedência e rastreabilidade, responsável técnico, garantia, certificações (fabricado de acordo com padrões internacionais de qualidade, normas da ABNT) e registro na ANVISA",Unidade,11/09/2026,Caio César Borges de Oliveira
4150736,,,,,
4150735,RESINA FOTOPOLIMERIZÁVEL A2 DENTINA,"Características: resina fotopolimerizável composta por cargas inorgânicas de vidro de bário e sílica microparticulada com tamanho médio de 0,8 mm. Cor A2. Opalescência e fluorescência compatíveis com a estrutura dental. Possui elevadas propriedades mecânicas e índice de desgaste similar às estruturas dentais. Indicação: restaurações estéticas em dentes anteriores e posteriores.
 Apresentação: embalagem primária: seringa plástica rosqueável com tampa em rosca, contendo 4 g do produto. Embalagem secundária: caixa de papel contendo dados de identificação, lote, procedência e rastreabilidade, responsável técnico, garantia, certificações (fabricado de acordo com padrões internacionais de qualidade, normas da ABNT) e registro na ANVISA.",Unidade,11/09/2026,Caio César Borges de Oliveira
4150733,RESINA FOTOPOLIMERIZÁVEL A2 ESMALTE,"Características: resina fotopolimerizável composta por cargas inorgânicas de vidro de bário e sílica microparticulada com tamanho médio de 0,8 mm. Cor A2. Opalescência e fluorescência compatíveis com a estrutura dental. Possui elevadas propriedades mecânicas e índice de desgaste similar às estruturas dentais. Indicação: restaurações estéticas em dentes anteriores e posteriores.
 Apresentação: embalagem primária: seringa plástica rosqueável com tampa em rosca, contendo 4 g do produto. Embalagem secundária: caixa de papel contendo dados de identificação, lote, procedência e rastreabilidade, responsável técnico, garantia, certificações (fabricado de acordo com padrões internacionais de qualidade, normas da ABNT) e registro na ANVISA.",Unidade,11/09/2026,Caio César Borges de Oliveira
4150732,RESINA FOTOPOLIMERIZÁVEL A3 DENTINA,"Características: resina fotopolimerizável composta por cargas inorgânicas de vidro de bário e sílica microparticulada com tamanho médio de 0,8 mm. Cor A3. Opalescência e fluorescência compatíveis com a estrutura dental. Possui elevadas propriedades mecânicas e índice de desgaste similar às estruturas dentais. Indicação: restaurações estéticas em dentes anteriores e posteriores.
 Apresentação: embalagem primária: seringa plástica rosqueável com tampa em rosca, contendo 4 g do produto. Embalagem secundária: caixa de papel contendo dados de identificação, lote, procedência e rastreabilidade, responsável técnico, garantia, certificações (fabricado de acordo com padrões internacionais de qualidade, normas da ABNT) e registro na ANVISA.",Unidade,11/09/2026,Caio César Borges de Oliveira
4150730,RESINA FOTOPOLIMERIZÁVEL A3 ESMALTE,"Características: resina fotopolimerizável composta por cargas inorgânicas de vidro de bário e sílica microparticulada com tamanho médio de 0,8 mm. Cor A3. Opalescência e fluorescência compatíveis com a estrutura dental. Possui elevadas propriedades mecânicas e índice de desgaste similar às estruturas dentais. Indicação: restaurações estéticas em dentes anteriores e posteriores.
 Apresentação: embalagem primária: seringa plástica rosqueável com tampa em rosca, contendo 4 g do produto. Embalagem secundária: caixa de papel contendo com dados de identificação, lote, procedência e rastreabilidade, responsável técnico, garantia, certificações (fabricado de acordo com padrões internacionais de qualidade, normas da ABNT) e registro na ANVISA.",Unidade,11/09/2026,Caio César Borges de Oliveira
4150728,"RESINA FOTOPOLIMERIZÁVEL A3,5 ESMALTE","Características: resina fotopolimerizável composta por cargas inorgânicas de vidro de bário e sílica microparticulada com tamanho médio de 0,8 mm. Cor A3,5. Opalescência e fluorescência compatíveis com a estrutura dental. Possui elevadas propriedades mecânicas e índice de desgaste similar às estruturas dentais. Indicação: restaurações estéticas em dentes anteriores e posteriores.
 Apresentação: embalagem primária: seringa plástica rosqueável com tampa em rosca, contendo 4 g do produto. Embalagem secundária: caixa de papel contendo com dados de identificação, lote, procedência e rastreabilidade, responsável técnico, garantia, certificações (fabricado de acordo com padrões internacionais de qualidade, normas da ABNT) e registro na ANVISA.",Unidade,11/09/2026,Caio César Borges de Oliveira
4150727,RESINA FOTOPOLIMERIZÁVEL A4 DENTINA (OPACA),"Características: resina fotopolimerizável composta por cargas inorgânicas de vidro de bário e sílica microparticulada com tamanho médio de 0,8 mm. Cor A4 opaca. Opalescência e fluorescência compatíveis com a estrutura dental. Possui elevadas propriedades mecânicas e índice de desgaste similar às estruturas dentais. 
 Indicação: restaurações estéticas em dentes anteriores e posteriores.
 Apresentação: embalagem primária: seringa plástica rosqueável com tampa em rosca, contendo 4 g do produto. Embalagem secundária: caixa de papel contendo dados de identificação, lote, procedência e rastreabilidade, responsável técnico, garantia, certificações (fabricado de acordo com padrões internacionais de qualidade, normas da ABNT) e registro na ANVISA.",Unidade,11/09/2026,Caio César Borges de Oliveira
4150726,,,,,
4150725,RESINA FOTOPOLIMERIZÁVEL B1 ESMALTE,"Características: resina fotopolimerizável composta por cargas inorgânicas de vidro de bário e sílica microparticulada com tamanho médio de 0,8 mm. Cor B1. Opalescência e fluorescência compatíveis com a estrutura dental. Possui elevadas propriedades mecânicas e índice de desgaste similar às estruturas dentais. Indicação: restaurações estéticas em dentes anteriores e posteriores.
 Apresentação: embalagem primária: seringa plástica rosqueável com tampa em rosca, contendo 4 g do produto. Embalagem secundária: caixa de papel contendo com dados de identificação, lote, procedência e rastreabilidade, responsável técnico, garantia, certificações (fabricado de acordo com padrões internacionais de qualidade, normas da ABNT) e registro na ANVISA.",Unidade,11/09/2026,Caio César Borges de Oliveira
4150722,RESINA FOTOPOLIMERIZÁVEL B2 DENTINA,"Características: resina fotopolimerizável composta por cargas inorgânicas de vidro de bário e sílica microparticulada com tamanho médio de 0,8 mm. Cor B2. Opalescência e fluorescência compatíveis com a estrutura dental. Possui elevadas propriedades mecânicas e índice de desgaste similar às estruturas dentais. Indicação: restaurações estéticas em dentes anteriores e posteriores.
 Apresentação: embalagem primária: seringa plástica rosqueável com tampa em rosca, contendo 4 g do produto. Embalagem secundária: caixa de papel contendo dados de identificação, lote, procedência e rastreabilidade, responsável técnico, garantia, certificações (fabricado de acordo com padrões internacionais de qualidade, normas da ABNT) e registro na ANVISA.",Unidade,11/09/2026,Caio César Borges de Oliveira
4150721,,,,,
4150720,,,,,
4150719,,,,,
4150717,,,,,
4151047,RESINA FOTOPOLIMERIZÁVEL UNICROMÁTICA,"Características: resina fotopolimerizável unicromática com efeito camaleão (cobre todas as cores da escala Vita). Radiopaca, Livre de BPA.
 Indicação: restaurações estéticas em dentes anteriores e posteriores.
 Apresentação: embalagem primária: seringa plástica rosqueável com tampa em rosca, contendo 4 g do produto. Embalagem secundária: caixa de papel contendo dados de identificação, lote, procedência e rastreabilidade, responsável técnico, garantia, certificações (fabricado de acordo com padrões internacionais de qualidade, normas da ABNT) e registro na ANVISA.",Unidade,11/09/2026,Caio César Borges de Oliveira
4151111,,,,,
4151112,,,,,
4150715,,,,,
4151113,,,,,
4151114,RODA DE ALGODÃO PARA TORNO,"Características: roda de algodão a 100% composta por sisal trançado e intercalado com tecido cru, sem resina. Medidas: 4 x 12 mm.
 Indicação: polimento de resina acrílica em prótese total, prótese parcial e provisórios. 
 Apresentação: embalagem plástica contendo 1 unidade, com rótulo contendo dados de identificação, lote, procedência e rastreabilidade, responsável técnico, garantia, certificações (fabricado de acordo com padrões internacionais de qualidade, normas da ABNT) e registro na ANVISA.",Unidade,11/09/2026,Caio César Borges de Oliveira
4151115,,,,,
4150718,ROLETE DE ALGODÃO,"Características: rolete para uso odontológico, composto por fibras 100% algodão natural, macio, absorvente, em formato cilíndrico, compacto. Autoclavável. 
 Indicação: afastamento de tecidos moles e absorção de líquidos durante o tratamento odontológico. 
 Apresentação: embalagem plástica contendo 100 unidades de produto, com dados de identificação, lote, procedência e rastreabilidade, responsável técnico, garantia, certificações (fabricado de acordo com padrões internacionais de qualidade, normas da ABNT) e registro na ANVISA.",Pacote com 100,11/09/2026,Caio César Borges de Oliveira
4150686,SACA BROCA,"Saca broca. Confeccionado em poliacetal e aço inox. Modelo universal, indicado para turbinas de alta rotação. Autoclavável. Apresentação: embalagem plástica contendo 1 unidade, com informações de modelo, constando dados de identificação, procedência, validade, garantia, nº do lote de fabricação e o nº indicativo do modelo gravados no corpo da peça, o que permite a rastreabilidade, registro na ANVISA.",Unidade,11/09/2026,Caio César Borges de Oliveira
4150714,SACO PLÁSTICO TIPO SACOLÉ,"Características: saco plástico transparente produzido em polipropileno. Totalmente inodoro e flexível. Medidas: 4 x 23 cm. 
 Indicação: proteção de mangueiras, equipamentos e canetas odontológicas.
 Apresentação: embalagem plástica contendo 100 unidades do produto. Rótulo com dados de identificação, lote, procedência e rastreabilidade, responsável técnico, garantia, certificações (fabricado de acordo com padrões internacionais de qualidade, normas da ABNT) e registro na ANVISA.",Pct com 100 unidades,11/09/2026,Caio César Borges de Oliveira
4150713,SELANTE DENTAL FOTOPOLIMERIZÁVEL,"Características: selante fotopolimerizável opaco, composto por monômeros metacrílicos como BisGMA, TEGDMA, flúor e monômeros metacrílicos ácidos, estabilizante, canforquinona, coiniciador. Possui alto índice de adesão. 
 Indicação: selamento oclusal de fóssulas e fissuras dentais. 
 Apresentação: seringa unitária preenchida com aproximadamente 2,5g de produto, pronto para uso, com 6 bicos aplicadores. Embalagem secundária: caixa de papel com dados de identificação, lote, procedência e rastreabilidade, responsável técnico, garantia, certificações (fabricado de acordo com padrões internacionais de qualidade, normas da ABNT) e registro na ANVISA.",Embalagem,11/09/2026,Caio César Borges de Oliveira
4150677,SERIADO DE BORRACHA PARA POLIMENTO DE RESINA,"Características: pontas de borrachas abrasivas produzidas em silicone. Uso em contra-ângulo. Autoclaváveis. 
 Indicação: acabamento e polimento de restaurações de resina composta fotopolimerizável. 
 Apresentação: broqueiro acrílico não autoclavável contendo 6 peças, de formatos sortidos, sendo 3 de coloração amarela (granulação média – acabamento fino e pré polimento) e 3 de coloração branca (granulação fina – polimento e brilho). Rótulo com dados de identificação, lote, procedência e rastreabilidade, responsável técnico, garantia, certificações (fabricado de acordo com padrões internacionais de qualidade, normas da ABNT) e registro na ANVISA.",Embalagem com 6 unidades,11/09/2026,Caio César Borges de Oliveira
4150689,SERINGA CARPULE,"Seringa carpule com refluxo. Ponta rosqueável. Em aço inoxidável AISI 420. Autoclavável. Comprimento: 12,5 cm. Em ambiente ambulatorial ou cirúrgico, a seringa carpule é utilizada para auxiliar na aplicação da anestesia odontológica, através da acoplagem de tubetes anestésicos de 1,8 ml. O refluxo possibilita a aplicação anestésica de forma lenta e uniforme, além de evitar a injeção acidental de anestésico em algum vaso sanguíneo. Apresentação: embalagem com 1 unidade, com informações do modelo, constando dados de identificação, procedência, validade, garantia, nº do lote de fabricação gravado no corpo da peça, o que permite a rastreabilidade, certificações (fabricado de acordo com padrões internacionais de qualidade, normas da ABNT) e registro na ANVISA.",Unidade,11/09/2026,Caio César Borges de Oliveira
4150844,,,,,
4150690,SERINGA TRÍPLICE,"Seringa tríplice. Possui ponteira em aço inoxidável e cabo em alumínio. Medidas: 15 x 4 x 3 cm. Com sistema independente de água e ar para que, mesmo após o uso da água ou spray, o ar saia seco. Agregado ao sistema borden. Resistente a vários ciclos de esterilização em autoclave. Indicação: em procedimentos odontológicos intra e/ou extra bucais, indicada na limpeza, secagem, irrigação e umedecimento, seja através de ar, água ou a combinação de ambos (spray). Possui sistema push button. Botão 1: água; botão 2: ar; ambos os botões pressionados juntos: spray.
 Apresentação: embalagem plástica (blister) individual, com informações do modelo, constando dados de identificação, procedência, validade, garantia, nº do lote de fabricação gravado no corpo da peça, o que permite a rastreabilidade, certificações (fabricado de acordo com padrões internacionais de qualidade, normas da ABNT) e registro na ANVISA.",Unidade,11/09/2026,Caio César Borges de Oliveira
4150692,SINDESMÓTOMO Nº 2,"Sindesmótomo nº 2, duplo. Em aço inoxidável AISI 420. Autoclavável. Comprimento: 16cm. Instrumento não cortante, não articulado, com serrilhado paralelo no cabo oitavado para facilitar o manuseio, com uma ponta curvada e outra reta. Indicado em cirurgias odontológicas para realizar o descolamento do tecido gengival do osso ou dente. Apresentação: embalagem com 1 unidade, com informações do modelo, constando dados de identificação, procedência, validade, garantia, nº do lote de fabricação gravado no corpo da peça, o que permite a rastreabilidade, certificações (fabricado de acordo com padrões internacionais de qualidade, normas da ABNT) e registro na ANVISA.",Unidade,11/09/2026,Caio César Borges de Oliveira
4150623,"SOLUÇÃO DE CLOREXIDINA A 0,12%","Características: Enxaguatório bucal antisséptico. Solução aquosa de digluconato de clorexidina a 0,12%, sem álcool.
 Indicação: auxiliar na eliminação de germes causadores de placa bacteriana, gengivite e mau hálito.
 Apresentação: frasco com tampa rosca contendo 1 litro do produto, rótulo com dados de identificação, lote, procedência e rastreabilidade, responsável técnico, garantia, certificações (fabricado de acordo com padrões internacionais de qualidade, normas da ABNT) e registro na ANVISA.",Frasco,11/09/2026,Caio César Borges de Oliveira
4151118,SOLUÇÃO DE CLOREXIDINA A 2%,"Características: solução aquosa de digluconato de clorexidina a 2%, sem álcool. Antisséptico tópico.
 Indicação: antissepsia da pele no pré-operatório.
 Apresentação: frasco com tampa rosca contendo 100 ml do produto, rótulo com dados de identificação, lote, procedência e rastreabilidade, responsável técnico, garantia, certificações (fabricado de acordo com padrões internacionais de qualidade, normas da ABNT) e registro na ANVISA.",Frasco,11/09/2026,Caio César Borges de Oliveira
4151116,"SOLUÇÃO DE HIPOCLORITO DE SÓDIO A 2,5% (SODA CLORADA)","Características: solução desinfetante e antisséptica com ação química de solvência de tecidos, composta por hipoclorito de sódio a 2,5%.
 Indicação: desinfecção e antissepsia em procedimentos odontológicos, na instrumentação e irrigação de canais radiculares em Endodontia.
 Apresentação: frasco com tampa rosca contendo 1 litro do produto. Rótulo com dados de identificação, lote, procedência e rastreabilidade, responsável técnico, garantia, certificações (fabricado de acordo com padrões internacionais de qualidade, normas da ABNT) e registro na ANVISA.",Frasco,11/09/2026,Caio César Borges de Oliveira
4151117,SOLUÇÃO DE HIPOCLORITO DE SÓDIO A 5%,"Características: solução desinfetante, bactericida e fungicida, composta por hipoclorito de sódio a 5%.
 Indicação: desinfecção de canais radiculares durante a terapia endodôntica.
 Apresentação: frasco com tampa rosca contendo 1 litro do produto. Rótulo com dados de identificação, lote, procedência e rastreabilidade, responsável técnico, garantia, certificações (fabricado de acordo com padrões internacionais de qualidade, normas da ABNT) e registro na ANVISA.",Frasco,11/09/2026,Caio César Borges de Oliveira
4150712,SOLUÇÃO DE HIPOCLORITO DE SÓDIO A 1% (SOLUÇÃO DE MILTON),"Características: solução altamente bactericida composta por hipoclorito de sódio a 1%. 
 Indicação: desinfecção e antissepsia em procedimentos odontológicos, na instrumentação e irrigação de canais radiculares em Endodontia.
 Apresentação: frasco com tampa rosca contendo 1 litro do produto. Rótulo com dados de identificação, lote, procedência e rastreabilidade, responsável técnico, garantia, certificações (fabricado de acordo com padrões internacionais de qualidade, normas da ABNT) e registro na ANVISA.",Frasco,11/09/2026,Caio César Borges de Oliveira
4151119,FIXADOR RX PRONTO USO,"Características: fixador radiográfico pronto uso, composto por bissulfito de sódio, água, ácido, conservantes, estabilizantes e redutor de pH. Não necessita diluição.
 Indicação: fixar a imagem do exame de raio-x na película do filme.
 Apresentação: Frasco plástico contendo 475 ml do produto. Rótulo contendo dados de identificação, lote, procedência e rastreabilidade, responsável técnico, garantia, certificações (fabricado de acordo com padrões internacionais de qualidade, normas da ABNT) e registro na ANVISA.",Unidade,11/09/2026,Caio César Borges de Oliveira
4150674,SOLUÇÃO HEMOSTÁTICA SEM EPINEFRINA,"Características: solução incolor à base de cloreto de alumínio. Tempo de ação: 1 hora.
 Indicação: hemostasia e retração gengival em preparos cavitários e protéticos. 
 Apresentação: frasco com tampa rosca contendo 10 ml do produto, rótulo contendo dados de identificação, lote, procedência e rastreabilidade, responsável técnico, garantia, certificações (fabricado de acordo com padrões internacionais de qualidade, normas da ABNT) e registro na ANVISA.",Frasco,11/09/2026,Caio César Borges de Oliveira
4151120,REVELADOR RADIOLÓGICO PRONTO USO,"Características: solução reveladora de radiografias composto por água, hidroquinona, mentol, modificador de tensão de superfície e redutor de pH. Produto pronto para uso, não é necessário diluir.
 Indicação: revelação da imagem do exame na película do filme.
 Apresentação: frasco com tampa rosca contendo 475 ml do produto. Rótulo contendo dados de identificação, lote, procedência e rastreabilidade, responsável técnico, garantia, certificações (fabricado de acordo com padrões internacionais de qualidade, normas da ABNT) e registro na ANVISA.",Frasco,11/09/2026,Caio César Borges de Oliveira
4150845,SONDA NABERS 2N,"Sonda nabers 2n. Fabricada em aço inoxidável AISI 420. Autoclavável. Possui cabo oco de 8 mm e ponta ativa de 12 mm com marcação a laser. Instrumento indicado para sondar a extensão e a profundidade das lesões de furca. Utilizado em periodontia para avaliar a profundidade de bolsas periodontais, configurações anatômicas e sangramento gengival. Apresentação: embalagem plástica contendo 1 unidade, com informações de modelo, constando dados de identificação, procedência, validade, garantia, nº do lote de fabricação e o nº indicativo do modelo gravados no corpo da peça, o que permite a rastreabilidade, certificações (fabricado de acordo com padrões internacionais de qualidade, normas da ABNT) e registro na ANVISA.",Unidade,11/09/2026,Caio César Borges de Oliveira
4151172,SONDA EXPLORADORA Nº 5,"Sonda exploradora nº 5, dupla, em aço inoxidável AISI 420. Comprimento: 17 cm. Autoclavável. Instrumento perfuro cortante utilizado em procedimentos odontológicos e exames clínicos, para verificar a presença de cárie, detectar falhas na estrutura dental e auxiliar na localização da entrada dos canais radiculares. Apresentação: embalagem plástica individual, com informações do modelo, constando os dados de identificação, procedência, validade, garantia, nº do lote de fabricação gravados no corpo da peça, o que permite a rastreabilidade, certificações (fabricado de acordo com padrões internacionais de qualidade, normas da ABNT) e registro na ANVISA.",Unidade,11/09/2026,Caio César Borges de Oliveira
4151171,SONDA Nº 6,"Sonda nº 6 produzida em aço inoxidável AISI 420. Autoclavável. Possui duas pontas ativas retas, indicada para verificar a presença de cárie, cálculo, integridade de restaurações e também fazer a exploração dos canais endodônticos. Apresentação: embalagem plástica contendo 1 unidade, com informações de modelo, constando dados de identificação, procedência, validade, garantia, nº do lote de fabricação e o nº indicativo do modelo gravados no corpo da peça, o que permite a rastreabilidade, certificações (fabricado de acordo com padrões internacionais de qualidade, normas da ABNT) e registro na ANVISA.",Unidade,11/09/2026,Caio César Borges de Oliveira
4150694,SONDA MILIMETRADA TIPO WHO (OMS),"Sonda milimetrada tipo Who (OMS). Em aço inoxidável AISI 420. Autoclavável. Comprimento: 16 cm. Instrumento calibrado em milímetros, sendo o segundo intervalo colorido. Possui ponta única traumática, mais perpendicular em relação à sonda milimetrada tradicional. Indicada para medir a profundidade de bolsas periodontais e avaliar configurações anatômicas e sangramento gengival. Apresentação: embalagem plástica individual, com informações do modelo, constando os dados de identificação, procedência, validade, garantia, nº do lote de fabricação gravados no corpo da peça, o que permite a rastreabilidade, certificações (fabricado de acordo com padrões internacionais de qualidade, normas da ABNT) e registro na ANVISA.",Unidade,11/09/2026,Caio César Borges de Oliveira
4150695,,,,,
4150711,SPRAY LUBRIFICANTE,"Características: spay lubrificante para canetas de alta e baixa rotação, composto por óleo mineral atóxico de baixa viscosidade desodorizado. Possui ação detergente, desinfetante e lubrificante.
 Indicação: lubrificação interna de turbinas, micromotores, contra ângulos e peças retas em Odontologia.
 Apresentação: embalagem contendo 200 ml do produto, com pontas dispensadoras de spray adequadas a cada instrumento e tampa. Com dados de identificação, lote, procedência e rastreabilidade, responsável técnico, garantia, certificações (fabricado de acordo com padrões internacionais de qualidade, normas da ABNT) e registro na ANVISA.",Frasco,11/09/2026,Caio César Borges de Oliveira
4150709,SUGADOR CIRÚRGICO ESTÉRIL DESCARTÁVEL,"Características: sugador odontológico composto por ponteira em polipropileno de alta densidade e tubo de PVC rígido atóxico. 
 Indicação: sucção de fluidos da cavidade bucal durante a realização de procedimentos odontológicos.
 Apresentação: caixa de papel contendo 40 unidades do produto, com dados de identificação, lote, procedência e rastreabilidade, responsável técnico, garantia, certificações (fabricado de acordo com padrões internacionais de qualidade, normas da ABNT) e registro na ANVISA.",Pct com 40 unidades,11/09/2026,Caio César Borges de Oliveira
4150708,SUGADOR ODONTOLÓGICO DESCARTÁVEL,"Características: aspirador de saliva não estéril e descartável. Confeccionado em PVC transparente e atóxico, com ponteira siliconizada em cores sortidas e fio de cobre interno que evita o efeito memória. Comprimento: 15 cm. 
 Indicação: indicado para a sucção de líquidos da boca do paciente durante procedimentos odontológicos, garantindo um campo operatório limpo e permitindo ao dentista trabalhar sem interrupções..
 Apresentação: embalagem plástica contendo 40 unidades, com dados de identificação, validade, lote, procedência e rastreabilidade, responsável técnico, garantia, certificações (fabricado de acordo com padrões internacionais de qualidade, normas da ABNT) e registro na ANVISA.",Pacote,11/09/2026,Caio César Borges de Oliveira
4150745,SULFATO DE POLIMIXINA B,"Características: suspensão otológica também utilizada em Odontologia (Endodontia). Contém sulfato de polimixina B 10.000 UI, sulfato de neomicina 5 mg e hidrocortisona 10 mg.
 Indicação: combate aos microorganismos nos canais radiculares.
 Apresentação: embalagem primária: frasco com tampa rosca contendo 10 ml do produto. Embalagem secundária: caixa de papel contendo dados de identificação, lote, procedência e rastreabilidade, responsável técnico, garantia, certificações (fabricado de acordo com padrões internacionais de qualidade, normas da ABNT) e registro na ANVISA.",Frasco,11/09/2026,Caio César Borges de Oliveira
4150696,,,,,
4150707,TAÇA DE BORRACHA,"Características: taças com cerdas de silicone de média dureza e haste em aço, para uso em contra ângulo. Autoclavável.
 Indicação: profilaxia dental
 Apresentação: blister com 1 unidade, com rótulo contendo dados de identificação, lote, procedência e rastreabilidade, responsável técnico, garantia, certificações (fabricado de acordo com padrões internacionais de qualidade, normas da ABNT) e registro na ANVISA.",Unidade,11/09/2026,Caio César Borges de Oliveira
4150853,TAMBOREL DE PLÁSTICO,"Tamborel de plástico. Confeccionado em polímero de alta performance. Autoclavável. Em formato oval, com as medidas: 70 x 54 x 43 mm. Indicado para apoio de limas endodônticas. Utilizado juntamente com refis descartáveis e substituíveis. Apresentação: embalagem plástica contendo 1 unidade, com informações de modelo, constando dados de identificação, procedência, validade, garantia, nº do lote de fabricação e o nº indicativo do modelo gravados no corpo da peça, o que permite a rastreabilidade, certificações (fabricado de acordo com padrões internacionais de qualidade, normas da ABNT) e registro na ANVISA.",Und,11/09/2026,Caio César Borges de Oliveira
4150846,TESOURA CIRÚRGICA GOLDMAN FOX RETA,"Tesoura cirúrgica Goldman Fox. Produzida em aço inoxidável AISI 420. Autoclavável. Medida: 13 cm. Possui parte ativa reta e serrilhada, utilizada em procedimentos cirúrgicos em geral, para cortar tecidos moles, fios cirúrgicos entre outros. Apresentação: embalagem plástica contendo 1 unidade, com informações de modelo, constando dados de identificação, procedência, validade, garantia, nº do lote de fabricação e o nº indicativo do modelo gravados no corpo da peça, o que permite a rastreabilidade, certificações (fabricado de acordo com padrões internacionais de qualidade, normas da ABNT) e registro na ANVISA.",Unidade,11/09/2026,Caio César Borges de Oliveira
4150697,TESOURA IRIS CURVA,"Tesoura Iris curva. Em aço inoxidável AISI 420. Comprimento: 11,5 cm. Autoclavável. Possui duas pontas agudas. É um tipo de tesoura cirúrgica utilizada em procedimentos bucais e cirurgias maxilo-faciais, para cortar tecidos moles na boca, como gengivas, mucosas e bochechas. Também utilizada para cortar fios cirúrgicos, ou fios de sutura. Apresentação: embalagem plástica individual, com informações de modelo, constando os dados de identificação, procedência, validade, garantia, nº do lote de fabricação gravado no corpo da peça, o que permite a rastreabilidade, certificações (fabricado de acordo com padrões internacionais de qualidade, normas da ABNT) e registro na ANVISA.",Unidade,11/09/2026,Caio César Borges de Oliveira
4150698,TESOURA IRIS RETA,"Tesoura Iris reta. Em aço inoxidável AISI 420. Comprimento: 11 cm. Autoclavável. É um tipo de tesoura cirúrgica utilizada em procedimentos bucais e cirurgias maxilo-faciais, para cortar tecidos moles, como gengivas, mucosas e bochechas. Também utilizada para cortar fios cirúrgicos, ou fios de sutura. Apresentação: embalagem plástica individual, com informações de modelo, constando os dados de identificação, procedência, validade, garantia, nº do lote de fabricação gravado no corpo da peça, o que permite a rastreabilidade, certificações (fabricado de acordo com padrões internacionais de qualidade, normas da ABNT) e registro na ANVISA.",Unidade,11/09/2026,Caio César Borges de Oliveira
4150847,,,,,
4150848,TESOURA OURO/CORTE DE FIO DE AÇO,"Tesoura ouro/corte de fio de aço. Comprimento: 10 cm. Produzida em aço inoxidável AISI 420. Autoclavável. Instrumento cirúrgico articulado cortante utilizado para cortar pequenas lâminas metálicas e fio de amarrilho em ortodontia. Possui ponta curva. Apresentação: embalagem plástica contendo 1 unidade, com informações de modelo, constando dados de identificação, procedência, validade, garantia, nº do lote de fabricação e o nº indicativo do modelo gravados no corpo da peça, o que permite a rastreabilidade, certificações (fabricado de acordo com padrões internacionais de qualidade, normas da ABNT) e registro na ANVISA.",Unidade,11/09/2026,Caio César Borges de Oliveira
4150710,SPRAY PARA TESTE DE VITALIDADE PULPAR,"Características: spray à base de água com resfriamento de -50º C. Possui aroma mentolado. Com haste mais curta para oferecer melhor precisão. 
 Indicação: teste de vitalidade pulpar (diagnóstico para tratamentos endodônticos). 
 Apresentação: embalagem contendo 200 ml do produto, com ponta dispensadora de spray e tampa. Com dados de identificação, lote, procedência e rastreabilidade, responsável técnico, garantia, certificações (fabricado de acordo com padrões internacionais de qualidade, normas da ABNT) e registro na ANVISA.",Frasco,11/09/2026,Caio César Borges de Oliveira
4150706,,,,,
4151159,,,,,
4150705,TIRA DE LIXA PARA RESINA FOTOPOLIMERIZÁVEL,"Características: tiras de lixa com centro neutro, produzidas em poliéster com cobertura em micropartículas de óxido de alumínio. Granulações média e fina na mesma tira. Medidas: 170 x 4 mm.
 Indicação: acabamento e polimento das faces proximais de restaurações de resina composta ionômero de vidro. 
 Apresentação: caixa de papel contendo 150 unidades do produto, com dados de identificação, lote, procedência e rastreabilidade, responsável técnico, garantia, certificações (fabricado de acordo com padrões internacionais de qualidade, normas da ABNT) e registro na ANVISA.",Pct com 150,11/09/2026,Caio César Borges de Oliveira
4150704,TIRA DE POLIÉSTER,"Características: tiras de poliéster ultra finas, flexíveis, transparentes. 
 Indicação: matriz de restaurações de resina composta.
 Apresentação: embalagem de papel contendo 50 unidades do produto, com dados de identificação, lote, procedência e rastreabilidade, responsável técnico, garantia, certificações (fabricado de acordo com padrões internacionais de qualidade, normas da ABNT) e registro na ANVISA.",Pct com 50,11/09/2026,Caio César Borges de Oliveira
4150703,TRICRESOL FORMALINA,"Características: líquido antisséptico composto por formaldeído e orto-cresol. Indicação: desinfecção de canais radiculares. Apresentação: embalagem primária: frasco com tampa rosca contendo 10 ml do produto. Embalagem secundária: caixa de papel com dados de identificação, lote, procedência e rastreabilidade, responsável técnico, garantia, certificações (fabricado de acordo com padrões internacionais de qualidade, normas da ABNT) e registro na ANVISA.",Frasco,11/09/2026,Caio César Borges de Oliveira
4151121,TUBO CIRÚRGICO DE SILICONE Nº 203,"Características: produto fabricado com silicone 100% puro, cor natural, parede interna lisa, de espessura uniforme, parede externa com resistência à tração, resistente a produtos químicos. Isento de aroma. Autoclavável. Medida: 15 m.
 Indicação: sucção em cirurgias odontológicas.
 Apresentação: embalagem plástica de polietileno contendo 15 m do produto, rótulo com dados de identificação, lote, procedência e rastreabilidade, responsável técnico, garantia, certificações (fabricado de acordo com padrões internacionais de qualidade, normas da ABNT) e registro na ANVISA.",Unidade,11/09/2026,Caio César Borges de Oliveira
4150702,VASELINA SÓLIDA 30 g,"Características: produto de consistência pastosa formulado a partir de óleos básicos derivados do petróleo e parafinas. Insolúvel em água. Possui elevada estabilidade físico-química. 
 Indicação: isolante da resina acrílica aos tecidos bucais.
 Apresentação: embalagem primária: frasco com tampa rosca contendo 30 g do produto. Embalagem secundária: caixa de papel com dados de identificação, lote, procedência e rastreabilidade, responsável técnico, garantia, certificações (fabricado de acordo com padrões internacionais de qualidade, normas da ABNT) e registro na ANVISA.",Frasco,11/09/2026,Caio César Borges de Oliveira
4151122,VASELINA SÓLIDA 500 g,"Características: produto de consistência pastosa formulado a partir de óleos básicos derivados do petróleo e parafinas. Insolúvel em água. Possui elevada estabilidade físico-química. 
 Indicação: isolante da resina acrílica aos tecidos bucais.
 Apresentação: embalagem primária: frasco com tampa rosca contendo 500 g do produto. Embalagem secundária: caixa de papel com dados de identificação, lote, procedência e rastreabilidade, responsável técnico, garantia, certificações (fabricado de acordo com padrões internacionais de qualidade, normas da ABNT) e registro na ANVISA.",Frasco,11/09/2026,Caio César Borges de Oliveira
4150701,VERNIZ COM FLÚOR,"Características: solução à base de resinas naturais e íons de flúor na concentração de 2,26%. Possui alta viscosidade e baixa solubilidade
 Indicação: tratamento dessensibilizante dos colos dentinários, prevenção da cárie, remineralização do esmalte dental.
 Apresentação: embalagem primária: kit contendo 1 frasco com 10 ml de verniz com flúor e 1 frasco com 10 ml de solvente. Embalagem secundária: caixa de papel com dados de identificação, lote, procedência e rastreabilidade, responsável técnico, garantia, certificações (fabricado de acordo com padrões internacionais de qualidade, normas da ABNT) e registro na ANVISA.",Kit,11/09/2026,Caio César Borges de Oliveira
4150849,,,,,
4151188,ABRIDOR DE BOCA TIPO ABRITEC ADULTO,"Composição: 100% silicone. Possui bordas arredondadas. Medidas: 40 x 30 x 20 mm.
 Indicação: auxiliar na abertura de boca do paciente, proporcionado maior conforto e facilitando o desempenho dos procedimentos odontológicos pelo profissional.
 Autoclavável.
 Apresentação: embalagem plástica com 2 unidades, com dados de identificação, lote, procedência, garantia, certificações (fabricado de acordo com padrões internacionais de qualidade, normas da ABNT) e registro na ANVISA.",Embalagem com 2 unidades,13/08/2026,
4151189,AGULHA GENGIVAL LONGA,"Características: agulha descartável siliconizada tamanho 27 G, bisel trifacetado, parte ativa com 30 mm, estéril, proteção individual com lacre de segurança. Fabricada de acordo com a Norma ISO 13485, com rosca interna universal de segurança para uso em todas as marcas de seringa carpule. Cânula firmemente ligada ao canhão, proporcionando uma fixação segura, sem vazamentos. Tubo da agulha em aço inoxidável de uso para a fabricação de dispositivos médicos conforme definido nas normas aplicáveis. 
 Indicação: anestesias infiltrativas em Odontologia.
 Apresentação: embalagem contendo 100 unidades, com dados de identificação, validade, lote, procedência e rastreabilidade, responsável técnico, garantia, certificações (fabricado de acordo com padrões internacionais de qualidade, normas da ABNT) e registro na ANVISA.",Caixa com 100 unidades,11/09/2026,Caio César Borges de Oliveira
4151187,,,,,
4151192,PLASTICO BOLHA,"Plástico feito de polietileno de baixa densidade transparente, com bolhas de ar prensada entre duas camadas, 40 micras de espessura, utilizada para embalagem de produtos frágeis. Apresentação em bobinas 40 cm X 100 m.",Bobina,11/09/2026,Caio César Borges de Oliveira
4151195,ALAVANCAS APEXO (KIT),"Alavancas apexo adulto. Kit contendo 3 unidades: nº 301 - esquerda; 302 - direita; 303 – reta. Em aço inoxidável AISI 420. Instrumentos cortantes não articulados, com cabo oco e formas diferentes na parte ativa (ponta), com leve curvatura, serrilhada. Indicadas para cirurgias odontológicas, auxiliando na remoção de fragmentos de raízes dentais e espículas ósseas. Apresentação: embalagem blister contendo 3 peças, informações do modelo, constando os dados de identificação, procedência, validade, garantia, nº do lote de fabricação gravados no corpo da peça, o que permite a rastreabilidade, certificações (fabricado de acordo com padrões internacionais de qualidade, normas da ABNT) e registro na ANVISA",Kit,11/09/2026,Caio César Borges de Oliveira
4151196,ANESTÉSICO INJETÁVEL MEPIVACAÍNA A 3% SEM VASOCONSTRITOR,"Composição: hidrocloridrato de mepivacaína a 3%.
 Indicação: em procedimentos odontológicos de média duração.
 Apresentação: embalagem contendo 50 tubetes de vidro com 1,8 ml embalados em blisters, com dados de identificação, lote, procedência, validade, certificações (fabricado de acordo com padrões internacionais de qualidade, normas da ABNT) e registro na ANVISA.",Caixa com 50 unidades,11/09/2026,Caio César Borges de Oliveira
4151200,KIT SUCTOR ENDO LUER COM AGULHAS (CONJUNTO DE ASPIRAÇÃO ENDODÔNTICA),"Características: conjunto de aspiração endodôntica tipo Endo Luer, confeccionado em aço inoxidável, composto por 1 cânula de aspiração e 3 agulhas de diferentes calibres, compatíveis com procedimentos endodônticos. Destinado à aspiração de soluções irrigadoras durante o tratamento endodôntico. Produto passível de esterilização em autoclave.
Indicação: indicado para aspiração de soluções irrigadoras durante procedimentos endodônticos.
Apresentação: embalagem contendo 1 kit composto por 1 cânula e 3 agulhas, informações de modelo, constando dados de identificação, procedência, validade, garantia, nº do lote de fabricação e o nº indicativo do modelo gravados no corpo da peça(verificar se é gravado no corpo da peça), o que permite a rastreabilidade. Certificações (fabricado de acordo com padrões internacionais de qualidade, normas da ABNT) e registro na ANVISA.",Kit,11/09/2026,Caio César Borges de Oliveira
4151206,ANESTÉSICO INJETÁVEL PRILOCAÍNA A 3% COM FELIPRESSINA,"Composição: cloridrato de prilocaína a 3% (30 mg/ml) em associação com felipressina (0,03UI/ml).
 Indicação: em procedimentos odontológicos de média duração.
  Apresentação: embalagem primária: tubetes de vidro contendo 1,8 ml de solução anestésica. Embalagem secundária: blisters lacrados. Embalagem terciária: caixa de papel contendo 50 unidades de tubetes embalados de 10 em 10, com dados de identificação, lote, procedência, validade, certificações (fabricado de acordo com padrões internacionais de qualidade, normas da ABNT) e registro na ANVISA.",Caixa com 50 unidades,11/09/2026,Caio César Borges de Oliveira
4151209,CERA Nº 7,"Características: lâminas de cera com espessura de 1 mm, compostas de hidrocarbonetos, óleo mineral e corante. Coloração vermelha.
 Indicação: moldagem de oclusão inicial ou primeira tomada de mordida.
 Apresentação: caixa de papel contendo 225 g do produto, 18 lâminas de cera. Com dados de identificação, lote, procedência e rastreabilidade, responsável técnico, garantia, certificações (fabricado de acordo com padrões internacionais de qualidade, normas da ABNT) e registro na ANVISA.",Embalagem com 18 unidades,11/09/2026,Caio César Borges de Oliveira
4151210,CIMENTO MTA,"Características: cimento composto por pó e líquido. Pó: silicato tricálcico, silicato dicálcico, aluminato tricálcico, óxido de cálcio. Líquido: água e plastificante.
 Indicação: tratamento de perfurações do canal radicular ou furca, selamento de reabsorções internas e internas comunicantes, retrobturação de cirurgias parendodônticas. 
 Apresentação: embalagem contendo 2 sachês de pó com 0,14g cada e 1 frasco de líquido com 3ml. Com dados de identificação, lote, procedência e rastreabilidade, responsável técnico, garantia, certificações (fabricado de acordo com padrões internacionais de qualidade, normas da ABNT) e registro na ANVISA.",Kit com 2 sachês de pó e 1 frasco de líquido,11/09/2026,Caio César Borges de Oliveira
4151211,CURSOR EM SILICONE,"Características: cursor (stop) em silicone com perfuração central. Atóxico e inodoro. Espessura de 1 mm e diâmetro inferior a 3 mm. Autoclavável.
 Indicação: ajuste do comprimento de trabalho dos instrumentais nas endodontias.
 Apresentação: embalagem plástica contendo 100 unidades do produto, com dados de identificação, lote, procedência e rastreabilidade, responsável técnico, garantia, certificações (fabricado de acordo com padrões internacionais de qualidade, normas da ABNT) e registro na ANVISA",Embalagem com 100 unidades,11/09/2026,Caio César Borges de Oliveira
4151212,DETERGENTE NEUTRO 500 ML,"Características: solução composta por tensoativos aniônicos, solubilizantes, umectantes, preservantes biodegradáveis e água. Indicação: lavagem manual de instrumentos odontológicos.
 Apresentação: frasco contendo 500 ml do produto, rótulo com dados de identificação, lote, procedência e rastreabilidade, responsável técnico, garantia, certificações (fabricado de acordo com padrões internacionais de qualidade, normas da ABNT) e notificação na ANVISA.",Embalagem com 500 ml,11/09/2026,Caio César Borges de Oliveira
4151213,DISCO DE CARBORUNDUM,"Características: disco de carborundum abrasivo produzido em carboneto de silício puro. Cor cinza. Dimensões: 22,2 x 0,6 mm. Possui corte duplo. Produz baixo aquecimento. Utilizado com mandril para disco.
 Indicação: separação e corte de ligas de cobalto-cromo e outras. Apresentação: blister com 10 unidades, contendo dados de identificação, lote, procedência e rastreabilidade, responsável técnico, garantia, certificações (fabricado de acordo com padrões internacionais de qualidade, normas da ABNT) e registro na ANVISA",Blister com 10 unidades,11/09/2026,Caio César Borges de Oliveira
4151214,DISCO DE LIXA EM ÓXIDO DE ALUMÍNIO PARA RESINA FOTOPOLIMERIZÁVEL,"Características: discos de lixa compostos por polietileno tereftalato, resina borracha sintética, corante à base de água com óxido de alumínio. Diâmetro: 16 mm com perfuração central. Cores diferenciadas para identificação das granulometrias variadas. Utilizados com mandril para discos.
 Indicação: acabamento e polimento de resina composta fotopolimerizável.
 Apresentação: embalagem plástica contendo 50 unidades sortidas do produto, com dados de identificação, lote, procedência e rastreabilidade, responsável técnico, garantia, certificações (fabricado de acordo com padrões internacionais de qualidade, normas da ABNT) e registro na ANVISA.",Embalagem com 50 unidades sortidas,11/09/2026,Caio César Borges de Oliveira
4151216,ESCOVA CIRCULAR DE PELO Nº 10 PARA TORNO,"Características: escova de pelo com centro em madeira, formato circular. 
 Indicação: polimento de resina acrílica em prótese total, parcial ou provisórios.
 Apresentação: embalagem plástica contendo 1 unidade, com dados de identificação, lote, procedência e rastreabilidade, responsável técnico, garantia, certificações (fabricado de acordo com padrões internacionais de qualidade, normas da ABNT) e registro na ANVISA.",Unidade,11/09/2026,Caio César Borges de Oliveira
4151218,ESCOVA CIRCULAR DE PELO Nº 27 PARA TORNO,"Características: escova de pelo com centro em madeira, formato circular. 
 Indicação: polimento de resina acrílica em prótese total, parcial ou provisórios.
 Apresentação: embalagem plástica contendo 1 unidade, com dados de identificação, lote, procedência e rastreabilidade, responsável técnico, garantia, certificações (fabricado de acordo com padrões internacionais de qualidade, normas da ABNT) e registro na ANVISA.",Unidade,11/09/2026,Caio César Borges de Oliveira
4151221,FILME PERIAPICAL ADULTO,"Características: película radiográfica periapical adulto. Medidas: 30,5 x 40,5 mm.
 Indicação: técnicas radiográficas periapical e interproximal, auxiliando nos exames da estrutura dental e áreas adjacentes. Compatível com os métodos de processamento automático e manual.
 Apresentação: embalagem primária: envoltório plástico. Embalagem secundária: caixa de papel contendo 150 unidades, com dados de identificação, lote, procedência e rastreabilidade, responsável técnico, garantia, certificações (fabricado de acordo com padrões internacionais de qualidade, normas da ABNT) e registro na ANVISA.",Embalagem com 150 unidades,11/09/2026,Caio César Borges de Oliveira
4151224,AFASTADOR MINESSOTA,"Afastador Minessota. Em aço inoxidável AISI 420. Medida: 14 cm. Autoclavável. Instrumento cirúrgico não articulado não cortante, utilizado como auxiliar nas cirurgias orais para manter o retalho muco periosteal, a bochecha, o lábio e a língua distantes da área a ser tratada, para que não haja contaminação. Apresentação: embalagem plástica individual, com informações do modelo, constando os dados de identificação, procedência, validade, garantia, nº do lote de fabricação gravados no corpo da peça, o que permite a rastreabilidade, certificações (fabricado de acordo com padrões internacionais de qualidade, normas da ABNT) e registro na ANVISA.",Unidade,11/09/2026,Caio César Borges de Oliveira
4151225,ALAVANCAS APICAIS (KIT),"Alavancas apicais. Em aço inoxidável AISI 304. Comprimento:18 cm. Autoclavável. Kit contendo 3 instrumentos com cabo oco e pontas ativas em lâminas afiadas (retas e anguladas) finas e côncavas. Indicadas para auxiliar na remoção de pontas de raízes e espículas ósseas em cirurgias odontológicas. Apresentação: embalagem plástica contendo 3 instrumentos sortidos, com informações do modelo, constando os dados de identificação, procedência, validade, garantia, nº do lote de fabricação gravado no corpo da peça, o que permite a rastreabilidade, certificações (fabricado de acordo com padrões internacionais de qualidade, normas da ABNT) e registro na ANVISA.",Kit,11/09/2026,Caio César Borges de Oliveira
4151233,CALCADOR DE AMÁLGAMA Nº 2,"Calcador de amálgama nº 2. Também conhecido como calcador Ward nº 2 - condensador para amálgama. Produzido em aço inoxidável AISI 420. Comprimento: 16 cm. Autoclavável. Instrumento não articulado, não cortante, utilizado em Dentística. Possui ponta dupla, arredondada e ângulo acentuado, além de condensar o material na face oclusal, permite ótimo acesso à classe V na condensação de compósitos. Apresentação: embalagem plástica individual contendo informações de modelo, procedência, dados de identificação, garantia, validade, nº do lote de fabricação gravado no corpo da peça, o que permite a rastreabilidade, certificações (fabricado de acordo com padrões internacionais de qualidade, normas da ABNT) e registro na ANVISA.",Unidade,11/09/2026,Caio César Borges de Oliveira
4151236,CINZEL WEDELSTEAD Nº 5-6,"Cinzel Wedelstead nº 5-6. Em aço inoxidável AISI 420. Comprimento: 17 cm. Autoclavável. Instrumento cirúrgico não articulado, cortante, indicado para osteotomia. Apresentação: embalagem plástica com 1 unidade, com informações do modelo, constando os dados de identificação, procedência, validade, garantia, nº do lote de fabricação gravados no corpo da peça, o que permite a rastreabilidade, certificações (fabricado de acordo com padrões internacionais de qualidade, normas da ABNT) e registro na ANVISA.",Unidade,11/09/2026,Caio César Borges de Oliveira
4151237,COLGADURA INDIVIDUAL,"Colgadura tipo clips para uma radiografia periapical. Modelo CA 505. Em aço inoxidável AISI 420. Comprimento: 8 cm. Indicada para prender películas radiográficas nos procedimentos de revelação. Apresentação: embalagem blister à vácuo com 1 unidade, com informações do modelo, constando os dados de identificação, procedência, validade, garantia, nº do lote de fabricação gravados no corpo da peça, o que permite a rastreabilidade, certificações (fabricado de acordo com padrões internacionais de qualidade, normas da ABNT). Produto isento de registro na ANVISA.",Unidade,11/09/2026,Caio César Borges de Oliveira
4151239,DESCOLADOR DE MOLT Nº 2/4,"Descolador de Molt nº 2/4. Em aço inoxidável AISI 420. Comprimento:17 cm. Autoclavável. Instrumento cirúrgico não articulado indicado para descolamento do periósteo em procedimentos cirúrgicos. Apresentação: embalagem plástica individual, com informações do modelo, constando os dados de identificação, procedência, validade, garantia, nº do lote de fabricação gravados no corpo da peça, o que permite a rastreabilidade, certificações (fabricado de acordo com padrões internacionais de qualidade, normas da ABNT) e registro na ANVISA.",Unidade,11/09/2026,Caio César Borges de Oliveira
4151242,GRAMPO Nº 210,"Grampo nº 210 para uso em isolamento absoluto com dique de borracha. Fabricado em aço inoxidável AISI 410. Autoclavável. Os grampos são dispositivos metálicos que se fixam e se ajustam ao colo dental, visando isolar o dente e o campo cirúrgico de tecidos moles como lábios, bochechas e língua, mantendo-os de forma limpa, seca e asséptica. Consistem em instrumentos auxiliares na técnica de isolamento absoluto, estabilizando o dique de borracha e possibilitando a realização dos procedimentos com maior segurança e precisão. Indicados na realização de restaurações, cimentações, como retentores do tecido gengival, além de serem bastante utilizados em endodontia. O grampo nº 210 é indicado para incisivos, caninos e alguns pré-molares. Apresentação: embalagem plástica contendo 1 unidade, com informações de modelo, constando dados de identificação, procedência, validade, garantia, nº do lote de fabricação e o nº indicativo do modelo gravados no corpo da peça, o que permite a rastreabilidade, certificações (fabricado de acordo com padrões internacionais de qualidade, normas da ABNT) e registro na ANVISA.",Unidade,11/09/2026,Caio César Borges de Oliveira
4151243,KIT COM 8 MOLDEIRAS PLÁSTICAS (ADULTO),"Moldeiras plásticas perfuradas com bordas arredondadas e lisas. Apresentam canaletas extras de retenção interna e perfurações verticais. Autoclavável.
 Indicação: reproduzir moldes de impressão dos dentes, utilizando alginato ou qualquer outro material de impressão. Apresentação: embalagem blister om 8 unidades (4 unidades inferiores nos tamanhos 3, 4, 5, 6 e 4 unidades superiores nos tamanhos 3, 4, 5, 6), com dados de identificação, validade, lote, procedência e rastreabilidade, responsável técnico, garantia, certificações (fabricado de acordo com padrões internacionais de qualidade, normas da ABNT) e registro na ANVISA.",Kit,11/09/2026,Caio César Borges de Oliveira
4151247,PLACA DE FÓSFORO INTRAORAL ADULTO,"Placa de fósforo intraoral (Adulto): receptora de imagens radiográficas digitais intraorais. Composta de um polímero, como por exemplo PVC ou polietileno, contendo em pelo menos um dos lados metal, como chumbo ou tungstênio. Flexível e fina como uma película. Deve conter elevada área de escalas de cinza. Tamanho 2, reutilizável.  Deve ser compatível com modelo Eagle PS, marca Dabi Atlante, admitindo-se produto original ou equivalente, desde que apresente compatibilidade plena com o equipamento, mantendo seu desempenho, segurança e funcionalidade. Garantia de 24 meses. Frete CIF e registro na Anvisa.",Unidade,11/09/2026,Caio César Borges de Oliveira
4151248,PLACA DE FÓSFORO INTRAORAL INFANTIL,"Placa de fósforo intraoral (infantil): receptora de imagens radiográficas digitais intraorais. Composta de um polímero, como por exemplo
PVC ou polietileno, contendo em pelo menos um dos lados metal, como chumbo ou tungstênio. Flexível e fina como uma película. Deve conter elevada área de escalas de cinza. Tamanho 0, reutilizável. Deve ser compatível com modelo Eagle PS, marca Dabi Atlante, admitindo-se produto original ou equivalente, desde que apresente compatibilidade plena com o equipamento, mantendo seu desempenho, segurança e funcionalidade. Garantia de 24 meses. Frete CIF e registro na Anvisa.",Unidade,11/09/2026,Caio César Borges de Oliveira
4151252,SONDA NABERS Nº 2NB,"Sonda nabers nº 2NB. Fabricada em aço inoxidável AISI 420. Autoclavável. Possui extremidades ativas curtas e milimetradas com marcação precisa a laser que não desgasta com o uso. Pontas arredondadas. Instrumento indicado para sondagem da extensão e profundidade das lesões de furca, configurações anatômicas e sangramento gengival. Apresentação: embalagem plástica contendo 1 unidade, com informações de modelo, constando dados de identificação, procedência, validade, garantia, nº do lote de fabricação e o nº indicativo do modelo gravados no corpo da peça, o que permite a rastreabilidade, certificações (fabricado de acordo com padrões internacionais de qualidade, normas da ABNT) e registro na ANVISA.",Unidade,11/09/2026,Caio César Borges de Oliveira
4151254,BROCA AR DIAMANTADA CÔNICA Nº 3080,"Características: parte ativa diamantada cônica com topo inativo e haste em aço inoxidável. Autoclavável.
 Indicação: complementar a abertura coronária em Endodontia.
 Apresentação: blister contendo 1 unidade, com dados de identificação, lote, procedência e rastreabilidade, responsável técnico, garantia, certificações (fabricado de acordo com padrões internacionais de qualidade, normas da ABNT) e registro na ANVISA.",Unidade,11/09/2026,Caio César Borges de Oliveira
4151255,CERA UTILIDADE,"Características: lâminas de cera com espessura de 5 mm, compostas de hidrocarbonetos, óleo mineral e corante. Coloração vermelha.
 Indicação: auxiliar na elaboração de próteses dentárias, no ajuste de moldeiras e de modelos em articuladores.
 Apresentação: caixa de papel contendo 220 g do produto, 5 lâminas de cera. Com dados de identificação, lote, procedência e rastreabilidade, responsável técnico, garantia, certificações (fabricado de acordo com padrões internacionais de qualidade, normas da ABNT) e registro na ANVISA.",Embalagem com 5 unidades,11/09/2026,Caio César Borges de Oliveira
4151256,CIMENTO CIRÚRGICO SEM EUGENOL,"Composição: cimento cirúrgico composto de pasta base e pasta catalisadora, sem eugenol. Pasta base: ácidos graxos, resina natural, resina sintética, óleo mineral, timol, cera natural e aroma de menta. Pasta catalisadora: óleo mineral, óleo vegetal, óxido de zinco, óxido de magnésio, pigmento de óxido de ferro, timol, BHT e aroma de menta.
 Indicação: proteção de feridas cirúrgicas após cirurgias periodontais.
 Apresentação: embalagem contendo 1 bisnaga de pasta base com 90g, 1 bisnaga de pasta aceleradora com 90g e 1 bloco de espatulação. Com dados de identificação, lote, procedência e rastreabilidade, responsável técnico, garantia, certificações (fabricado de acordo com padrões internacionais de qualidade, normas da ABNT) e registro na ANVISA.",Kit com 1 bisnaga de pasta base e 1 bisnaga de pasta catalisadora,11/09/2026,Caio César Borges de Oliveira
4151257,CONE DE FELTRO PARA TORNO,"Características: cone de feltro para uso em motor de polimento.
 Indicação: polimento de resina acrílica em prótese total, parcial ou provisórios.
 Apresentação: embalagem plástica contendo 1 unidade, com dados de identificação, lote, procedência e rastreabilidade, responsável técnico, garantia, certificações (fabricado de acordo com padrões internacionais de qualidade, normas da ABNT) e registro na ANVISA.",Unidade,11/09/2026,Caio César Borges de Oliveira
4151259,DISCO DE LIXA EM ÓXIDO DE ALUMÍNIO PARA RESINA ACRÍLICA,"Características: discos de lixa de papel com óxido de alumínio. Diâmetro: 22 mm com perfuração central. Cores sortidas e granulometrias variadas. Utilizados com mandril para discos.
 Indicação: acabamento e polimento de resina acrílica.
 Apresentação: caixa plástica contendo 100 unidades do produto, com dados de identificação, lote, procedência e rastreabilidade, responsável técnico, garantia, certificações (fabricado de acordo com padrões internacionais de qualidade, normas da ABNT) e registro na ANVISA.",Embalagem com 100 unidades,11/09/2026,Caio César Borges de Oliveira
4151260,EUCALIPTOL,"Características: líquido oleaginoso incolor ou amarelo claro com aroma característico de cânfora, insolúvel em água e solúvel em etanol a 70%. Possui atividade antibacteriana.
 Indicação: utilizado em Endodontia, como solvente de cones de guta percha.
 Apresentação: embalagem primária: frasco com tampa rosca, contendo 10 ml do produto. Embalagem secundária: caixa de papel contendo dados de identificação, lote, procedência e rastreabilidade, responsável técnico, garantia, certificações (fabricado de acordo com padrões internacionais de qualidade, normas da ABNT) e registro na ANVISA.",Frasco,11/09/2026,Caio César Borges de Oliveira
4151261,ISOLANTE PARA RESINA ACRÍLICA,"Características: líquido viscoso produzido à base de alginato de sódio. Coloração amarela. 
 Indicação: isolamento de trabalhos protéticos; age na superfície do gesso formando uma fina película protetora que evita a adesão do gesso após a acrilização da resina.
 Apresentação: embalagem primária: frasco plástico com tampa rosca contendo 500 ml do produto. Embalagem secundária: caixa de papel com dados de identificação, lote, procedência e rastreabilidade, responsável técnico, garantia, certificações (fabricado de acordo com padrões internacionais de qualidade, normas da ABNT) e registro na ANVISA.",Frasco,11/09/2026,Caio César Borges de Oliveira
4151267,GESSO PEDRA TIPO III,"Características: pó à base de sulfato de cálcio alfa hemidratado e pigmentos. Coloração amarela. Alta resistência mecânica. 
 Indicação: confecção de troqueis, modelos de estudo, para antagonistas e aparelhos ortodônticos.
 Apresentação: embalagem plástica contendo 1 Kg do produto, com dados de identificação, lote, procedência e rastreabilidade, responsável técnico, garantia, certificações (fabricado de acordo com padrões internacionais de qualidade, normas da ABNT) e registro na ANVISA.",Pct,11/09/2026,Caio César Borges de Oliveira
4151268,ANESTÉSICO TÓPICO BENZOCAÍNA 20%,"Características: anestésico tópico em gel, sem vasoconstritor. Cada g do produto contém: 0,2 g de benzocaína e 1,0 g de excipientes q.s.p. Sabor tutti-frutti. Rápido início de ação. 
 Indicação: anestesia tópica na mucosa oral previamente à anestesia infiltrativa.
 Apresentação: embalagem primária: pote com 30g do produto. Embalagem secundária: caixa de papel contendo 1 frasco, com dados de identificação, lote, procedência, validade, certificações (fabricado de acordo com padrões internacionais de qualidade, normas da ABNT) e registro na ANVISA.",Frasco,11/09/2026,Caio César Borges de Oliveira
4151270,FRESA DE TUNGSTÊNIO MAXICUT,"Características: fresa formato pera, com parte ativa em carboneto de tungstênio e haste em aço inoxidável. Corte cruzado grosso. Utilizada em peça reta. 
 Indicação: corte em gesso, acrílico, metais preciosos, titânio e cerâmica. 
 Apresentação: blister contendo 1 unidade, com dados de identificação, lote, procedência e rastreabilidade, responsável técnico, garantia, certificações (fabricado de acordo com padrões internacionais de qualidade, normas da ABNT) e registro na ANVISA.",Blister com 1 unidade,11/09/2026,Caio César Borges de Oliveira
4151271,FRESA DE TUNGSTÊNIO MINICUT,"Fresa de tungstênio tipo Minicut para uso em peça reta. Utilização em prótese dentária, com ponta ativa em formato de pera e comprimento de 14 mm, confeccionada em carboneto de tungstênio  sinterizado com ligante metálico (cobalto ou níquel) e haste em aço inoxidável, indicada para desgaste, acabamento e ajuste de materiais protéticos. Deve apresentar elevada resistência ao desgaste, corte preciso e compatibilidade com peças retas de laboratório. Fornecida em embalagem plástica individual contendo 1 (uma) unidade. A embalagem deve conter dados de identificação, lote, procedência, rastreabilidade, responsável técnico, garantia, certificações de qualidade conforme padrões internacionais e normas da ABNT, além do registro na ANVISA.",Unidade,11/09/2026,Caio César Borges de Oliveira
4151272,CLOREXIDINA GEL A 2%,"Gel de digluconato de clorexidina a 2%, indicado para irrigação e desinfecção de canais radiculares, auxiliar na instrumentação endodôntica e assepsia de preparos cavitários. Possui potente ação bactericida, baixa toxicidade, não lesando os tecidos periapicais. Apresenta substantividade com efeito residual de aproximadamente 48 horas, elevada capacidade de umidificação da dentina, facilitando a penetração de sistemas adesivos hidrofílicos, sem interferir na adesão dos agentes de união e sem manchar restaurações. Composição: digluconato de clorexidina 2%, metilparabeno, hidroxietilcelulose e água deionizada. Apresentação: embalagem contendo 2 seringas com 3 g cada e 3 bicos aplicadores, com dados de identificação, lote, procedência e rastreabilidade, responsável técnico, garantia, certificações (fabricado de acordo com padrões internacionais de qualidade, normas da ABNT) e registro na ANVISA.",Kit com 2 seringas,11/09/2026,Caio César Borges de Oliveira
4151273,TIRAS ABRASIVAS DE AÇO INOXIDÁVEL,"4mm Características: tiras de lixa confeccionadas em aço inoxidável, autoclaváveis, com 4 mm de largura e 170 mm de comprimento, espessura de 0,12 mm. Disponíveis nas granulações grossa e média, cada tira possui centro neutro (sem abrasivo), facilitando a introdução nas superfícies interproximais dos dentes. Indicadas para acabamento e polimento das faces proximais de restaurações de amálgama, compósitos, acrílicos e cimento de ionômero de vidro. Apresentação em embalagem contendo 12 unidades, com informações completas de identificação, número de lote, procedência, rastreabilidade, responsável técnico, garantia, certificações de acordo com padrões internacionais de qualidade e normas da ABNT, além de registro regular junto à ANVISA.",Embalagem com 12 unidades,11/09/2026,Caio César Borges de Oliveira
4151274,GESSO BRANCO COMUM TIPO II,"Características: pó à base de sulfato de cálcio hemidratado. Coloração branca. 
 Indicação: confecção de modelos de diagnóstico e antagonista.
 Apresentação: embalagem plástica contendo 1 Kg do produto, com dados de identificação, lote, procedência e rastreabilidade, responsável técnico, garantia, certificações (fabricado de acordo com padrões internacionais de qualidade, normas da ABNT) e registro na ANVISA.",Pct,11/09/2026,Caio César Borges de Oliveira
4151275,GESSO ESPECIAL TIPO IV,"Características: pó à base de sulfato de cálcio alfa hemidratado e pigmentos. Coloração diferente de branca ou amarela. Alta resistência à compressão e abrasão. Granulometria fina.
 Indicação: confecção de troqueis e modelos de precisão.
 Apresentação: embalagem plástica contendo 1 Kg do produto, com dados de identificação, lote, procedência e rastreabilidade, responsável técnico, garantia, certificações (fabricado de acordo com padrões internacionais de qualidade, normas da ABNT) e registro na ANVISA.",Pct,11/09/2026,Caio César Borges de Oliveira
4151277,CIMENTO ENDODÔNTICO DE ÓXIDO DE ZINCO E ACETATO DE HIDROCORTISONA,"Características: pó para cimento endodôntico composto por acetato de hidrocortisona 1,0g e excipientes q.s.p 100,0g (iodeto de timol, sulfato de bário, óxido de zinco e estearato de magnésio). Possui propriedades antissépticas e anti-inflamatórias. 
 Indicação: Selamento definitivo de canais radiculares com cones de guta-percha. 
 Apresentação: frasco com tampa rosca contendo 14 g do produto, acompanhando uma colher dosadora. Embalagem secundária: caixa de papel contendo dados de identificação, lote, procedência e rastreabilidade, responsável técnico, garantia, certificações (fabricado de acordo com padrões internacionais de qualidade, normas da ABNT) e registro na ANVISA.",Frasco,11/09/2026,Caio César Borges de Oliveira
4151278,ESPÁTULA DUPLA SILICATO Nº 6335,"Espátula dupla silicato 6335 nº 1. Confeccionada em aço inoxidável AISI 420. Comprimento: 12 cm. Indicação: várias aplicações em Dentística, como amálgama, restaurador provisório e aplicar e condensar restaurações de resina composta. Apresentação: embalagem com 1 unidade, com informações do modelo, constando os dados de identificação, procedência, validade, garantia, nº do lote de fabricação gravado no corpo da peça, o que permite a rastreabilidade, certificações (fabricado de acordo com padrões internacionais de qualidade, normas da ABNT) e registro na ANVISA.",Unidade,11/09/2026,Caio César Borges de Oliveira
